Subject_ID_D,device_id,chunk_index,chunk_start_ms,chunk_end_ms,chunk_start_local,chunk_end_local,raw_rows_downloaded,cumulative_raw_rows_downloaded,status,error_message
041,d74f7acf-f82f-491d-90b9-d7321e6d4bcf,0,1736320047000,1736320347000,2025-01-08 09:07:27+0200,2025-01-08 09:12:27+0200,3198,3198,ok,
041,d74f7acf-f82f-491d-90b9-d7321e6d4bcf,1,1736320347000,1736320647000,2025-01-08 09:12:27+0200,2025-01-08 09:17:27+0200,2739,5937,ok,
041,d74f7acf-f82f-491d-90b9-d7321e6d4bcf,2,1736320647000,1736320947000,2025-01-08 09:17:27+0200,2025-01-08 09:22:27+0200,1500,7437,ok,
041,d74f7acf-f82f-491d-90b9-d7321e6d4bcf,3,1736320947000,1736321247000,2025-01-08 09:22:27+0200,2025-01-08 09:27:27+0200,1500,8937,ok,
041,d74f7acf-f82f-491d-90b9-d7321e6d4bcf,4,1736321247000,1736321547000,2025-01-08 09:27:27+0200,2025-01-08 09:32:27+0200,1500,10437,ok,
041,d74f7acf-f82f-491d-90b9-d7321e6d4bcf,5,1736321547000,1736321847000,2025-01-08 09:32:27+0200,2025-01-08 09:37:27+0200,1500,11937,ok,
041,d74f7acf-f82f-491d-90b9-d7321e6d4bcf,6,1736321847000,1736322147000,2025-01-08 09:37:27+0200,2025-01-08 09:42:27+0200,1500,13437,ok,
041,d74f7acf-f82f-491d-90b9-d7321e6d4bcf,7,1736322147000,1736322447000,2025-01-08 09:42:27+0200,2025-01-08 09:47:27+0200,1500,14937,ok,
041,d74f7acf-f82f-491d-90b9-d7321e6d4bcf,8,1736322447000,1736322747000,2025-01-08 09:47:27+0200,2025-01-08 09:52:27+0200,1500,16437,ok,
041,d74f7acf-f82f-491d-90b9-d7321e6d4bcf,9,1736322747000,1736323047000,2025-01-08 09:52:27+0200,2025-01-08 09:57:27+0200,1500,17937,ok,
041,d74f7acf-f82f-491d-90b9-d7321e6d4bcf,10,1736323047000,1736323347000,2025-01-08 09:57:27+0200,2025-01-08 10:02:27+0200,1500,19437,ok,
041,d74f7acf-f82f-491d-90b9-d7321e6d4bcf,11,1736323347000,1736323647000,2025-01-08 10:02:27+0200,2025-01-08 10:07:27+0200,1500,20937,ok,
041,d74f7acf-f82f-491d-90b9-d7321e6d4bcf,12,1736323647000,1736323947000,2025-01-08 10:07:27+0200,2025-01-08 10:12:27+0200,2427,23364,ok,
041,d74f7acf-f82f-491d-90b9-d7321e6d4bcf,13,1736323947000,1736324247000,2025-01-08 10:12:27+0200,2025-01-08 10:17:27+0200,3203,26567,ok,
041,d74f7acf-f82f-491d-90b9-d7321e6d4bcf,14,1736324247000,1736324547000,2025-01-08 10:17:27+0200,2025-01-08 10:22:27+0200,17251,43818,ok,
041,d74f7acf-f82f-491d-90b9-d7321e6d4bcf,15,1736324547000,1736324847000,2025-01-08 10:22:27+0200,2025-01-08 10:27:27+0200,13792,57610,ok,
041,d74f7acf-f82f-491d-90b9-d7321e6d4bcf,16,1736324847000,1736325147000,2025-01-08 10:27:27+0200,2025-01-08 10:32:27+0200,3016,60626,ok,
041,d74f7acf-f82f-491d-90b9-d7321e6d4bcf,17,1736325147000,1736325447000,2025-01-08 10:32:27+0200,2025-01-08 10:37:27+0200,3473,64099,ok,
041,d74f7acf-f82f-491d-90b9-d7321e6d4bcf,18,1736325447000,1736325747000,2025-01-08 10:37:27+0200,2025-01-08 10:42:27+0200,1802,65901,ok,
041,d74f7acf-f82f-491d-90b9-d7321e6d4bcf,19,1736325747000,1736326047000,2025-01-08 10:42:27+0200,2025-01-08 10:47:27+0200,3353,69254,ok,
041,d74f7acf-f82f-491d-90b9-d7321e6d4bcf,20,1736326047000,1736326347000,2025-01-08 10:47:27+0200,2025-01-08 10:52:27+0200,3202,72456,ok,
041,d74f7acf-f82f-491d-90b9-d7321e6d4bcf,21,1736326347000,1736326647000,2025-01-08 10:52:27+0200,2025-01-08 10:57:27+0200,3045,75501,ok,
041,d74f7acf-f82f-491d-90b9-d7321e6d4bcf,22,1736326647000,1736326947000,2025-01-08 10:57:27+0200,2025-01-08 11:02:27+0200,3044,78545,ok,
041,d74f7acf-f82f-491d-90b9-d7321e6d4bcf,23,1736326947000,1736327247000,2025-01-08 11:02:27+0200,2025-01-08 11:07:27+0200,2928,81473,ok,
041,d74f7acf-f82f-491d-90b9-d7321e6d4bcf,24,1736327247000,1736327547000,2025-01-08 11:07:27+0200,2025-01-08 11:12:27+0200,2737,84210,ok,
041,d74f7acf-f82f-491d-90b9-d7321e6d4bcf,25,1736327547000,1736327847000,2025-01-08 11:12:27+0200,2025-01-08 11:17:27+0200,1500,85710,ok,
041,d74f7acf-f82f-491d-90b9-d7321e6d4bcf,26,1736327847000,1736328147000,2025-01-08 11:17:27+0200,2025-01-08 11:22:27+0200,1500,87210,ok,
041,d74f7acf-f82f-491d-90b9-d7321e6d4bcf,27,1736328147000,1736328447000,2025-01-08 11:22:27+0200,2025-01-08 11:27:27+0200,1500,88710,ok,
041,d74f7acf-f82f-491d-90b9-d7321e6d4bcf,28,1736328447000,1736328747000,2025-01-08 11:27:27+0200,2025-01-08 11:32:27+0200,1500,90210,ok,
041,d74f7acf-f82f-491d-90b9-d7321e6d4bcf,29,1736328747000,1736329047000,2025-01-08 11:32:27+0200,2025-01-08 11:37:27+0200,3789,93999,ok,
041,d74f7acf-f82f-491d-90b9-d7321e6d4bcf,30,1736329047000,1736329347000,2025-01-08 11:37:27+0200,2025-01-08 11:42:27+0200,7885,101884,ok,
041,d74f7acf-f82f-491d-90b9-d7321e6d4bcf,31,1736329347000,1736329647000,2025-01-08 11:42:27+0200,2025-01-08 11:47:27+0200,2254,104138,ok,
041,d74f7acf-f82f-491d-90b9-d7321e6d4bcf,32,1736329647000,1736329947000,2025-01-08 11:47:27+0200,2025-01-08 11:52:27+0200,3200,107338,ok,
041,d74f7acf-f82f-491d-90b9-d7321e6d4bcf,33,1736329947000,1736330247000,2025-01-08 11:52:27+0200,2025-01-08 11:57:27+0200,3351,110689,ok,
041,d74f7acf-f82f-491d-90b9-d7321e6d4bcf,34,1736330247000,1736330547000,2025-01-08 11:57:27+0200,2025-01-08 12:02:27+0200,1504,112193,ok,
041,d74f7acf-f82f-491d-90b9-d7321e6d4bcf,35,1736330547000,1736330847000,2025-01-08 12:02:27+0200,2025-01-08 12:07:27+0200,1500,113693,ok,
041,d74f7acf-f82f-491d-90b9-d7321e6d4bcf,36,1736330847000,1736331147000,2025-01-08 12:07:27+0200,2025-01-08 12:12:27+0200,3358,117051,ok,
041,d74f7acf-f82f-491d-90b9-d7321e6d4bcf,37,1736331147000,1736331447000,2025-01-08 12:12:27+0200,2025-01-08 12:17:27+0200,3048,120099,ok,
041,d74f7acf-f82f-491d-90b9-d7321e6d4bcf,38,1736331447000,1736331747000,2025-01-08 12:17:27+0200,2025-01-08 12:22:27+0200,3201,123300,ok,
041,d74f7acf-f82f-491d-90b9-d7321e6d4bcf,39,1736331747000,1736332047000,2025-01-08 12:22:27+0200,2025-01-08 12:27:27+0200,3047,126347,ok,
041,d74f7acf-f82f-491d-90b9-d7321e6d4bcf,40,1736332047000,1736332347000,2025-01-08 12:27:27+0200,2025-01-08 12:32:27+0200,3203,129550,ok,
041,d74f7acf-f82f-491d-90b9-d7321e6d4bcf,41,1736332347000,1736332647000,2025-01-08 12:32:27+0200,2025-01-08 12:37:27+0200,3202,132752,ok,
041,d74f7acf-f82f-491d-90b9-d7321e6d4bcf,42,1736332647000,1736332947000,2025-01-08 12:37:27+0200,2025-01-08 12:42:27+0200,3047,135799,ok,
041,d74f7acf-f82f-491d-90b9-d7321e6d4bcf,43,1736332947000,1736333247000,2025-01-08 12:42:27+0200,2025-01-08 12:47:27+0200,3201,139000,ok,
041,d74f7acf-f82f-491d-90b9-d7321e6d4bcf,44,1736333247000,1736333547000,2025-01-08 12:47:27+0200,2025-01-08 12:52:27+0200,3354,142354,ok,
041,d74f7acf-f82f-491d-90b9-d7321e6d4bcf,45,1736333547000,1736333847000,2025-01-08 12:52:27+0200,2025-01-08 12:57:27+0200,3203,145557,ok,
041,d74f7acf-f82f-491d-90b9-d7321e6d4bcf,46,1736333847000,1736334147000,2025-01-08 12:57:27+0200,2025-01-08 13:02:27+0200,3047,148604,ok,
041,d74f7acf-f82f-491d-90b9-d7321e6d4bcf,47,1736334147000,1736334447000,2025-01-08 13:02:27+0200,2025-01-08 13:07:27+0200,3049,151653,ok,
041,d74f7acf-f82f-491d-90b9-d7321e6d4bcf,48,1736334447000,1736334747000,2025-01-08 13:07:27+0200,2025-01-08 13:12:27+0200,3357,155010,ok,
041,d74f7acf-f82f-491d-90b9-d7321e6d4bcf,49,1736334747000,1736335047000,2025-01-08 13:12:27+0200,2025-01-08 13:17:27+0200,3356,158366,ok,
041,d74f7acf-f82f-491d-90b9-d7321e6d4bcf,50,1736335047000,1736335347000,2025-01-08 13:17:27+0200,2025-01-08 13:22:27+0200,3046,161412,ok,
041,d74f7acf-f82f-491d-90b9-d7321e6d4bcf,51,1736335347000,1736335647000,2025-01-08 13:22:27+0200,2025-01-08 13:27:27+0200,2737,164149,ok,
041,d74f7acf-f82f-491d-90b9-d7321e6d4bcf,52,1736335647000,1736335947000,2025-01-08 13:27:27+0200,2025-01-08 13:32:27+0200,2427,166576,ok,
041,d74f7acf-f82f-491d-90b9-d7321e6d4bcf,53,1736335947000,1736336247000,2025-01-08 13:32:27+0200,2025-01-08 13:37:27+0200,1500,168076,ok,
041,d74f7acf-f82f-491d-90b9-d7321e6d4bcf,54,1736336247000,1736336547000,2025-01-08 13:37:27+0200,2025-01-08 13:42:27+0200,1500,169576,ok,
041,d74f7acf-f82f-491d-90b9-d7321e6d4bcf,55,1736336547000,1736336847000,2025-01-08 13:42:27+0200,2025-01-08 13:47:27+0200,1500,171076,ok,
041,d74f7acf-f82f-491d-90b9-d7321e6d4bcf,56,1736336847000,1736337147000,2025-01-08 13:47:27+0200,2025-01-08 13:52:27+0200,1500,172576,ok,
041,d74f7acf-f82f-491d-90b9-d7321e6d4bcf,57,1736337147000,1736337447000,2025-01-08 13:52:27+0200,2025-01-08 13:57:27+0200,1500,174076,ok,
041,d74f7acf-f82f-491d-90b9-d7321e6d4bcf,58,1736337447000,1736337747000,2025-01-08 13:57:27+0200,2025-01-08 14:02:27+0200,1500,175576,ok,
041,d74f7acf-f82f-491d-90b9-d7321e6d4bcf,59,1736337747000,1736338047000,2025-01-08 14:02:27+0200,2025-01-08 14:07:27+0200,1500,177076,ok,
041,d74f7acf-f82f-491d-90b9-d7321e6d4bcf,60,1736338047000,1736338347000,2025-01-08 14:07:27+0200,2025-01-08 14:12:27+0200,1500,178576,ok,
041,d74f7acf-f82f-491d-90b9-d7321e6d4bcf,61,1736338347000,1736338647000,2025-01-08 14:12:27+0200,2025-01-08 14:17:27+0200,1500,180076,ok,
041,d74f7acf-f82f-491d-90b9-d7321e6d4bcf,62,1736338647000,1736338947000,2025-01-08 14:17:27+0200,2025-01-08 14:22:27+0200,1500,181576,ok,
041,d74f7acf-f82f-491d-90b9-d7321e6d4bcf,63,1736338947000,1736339247000,2025-01-08 14:22:27+0200,2025-01-08 14:27:27+0200,1500,183076,ok,
041,d74f7acf-f82f-491d-90b9-d7321e6d4bcf,64,1736339247000,1736339547000,2025-01-08 14:27:27+0200,2025-01-08 14:32:27+0200,1500,184576,ok,
041,d74f7acf-f82f-491d-90b9-d7321e6d4bcf,65,1736339547000,1736339847000,2025-01-08 14:32:27+0200,2025-01-08 14:37:27+0200,1500,186076,ok,
041,d74f7acf-f82f-491d-90b9-d7321e6d4bcf,66,1736339847000,1736340147000,2025-01-08 14:37:27+0200,2025-01-08 14:42:27+0200,3355,189431,ok,
041,d74f7acf-f82f-491d-90b9-d7321e6d4bcf,67,1736340147000,1736340447000,2025-01-08 14:42:27+0200,2025-01-08 14:47:27+0200,3201,192632,ok,
041,d74f7acf-f82f-491d-90b9-d7321e6d4bcf,68,1736340447000,1736340747000,2025-01-08 14:47:27+0200,2025-01-08 14:52:27+0200,2819,195451,ok,
041,d74f7acf-f82f-491d-90b9-d7321e6d4bcf,69,1736340747000,1736341047000,2025-01-08 14:52:27+0200,2025-01-08 14:57:27+0200,2118,197569,ok,
041,d74f7acf-f82f-491d-90b9-d7321e6d4bcf,70,1736341047000,1736341347000,2025-01-08 14:57:27+0200,2025-01-08 15:02:27+0200,1500,199069,ok,
041,d74f7acf-f82f-491d-90b9-d7321e6d4bcf,71,1736341347000,1736341647000,2025-01-08 15:02:27+0200,2025-01-08 15:07:27+0200,1500,200569,ok,
041,d74f7acf-f82f-491d-90b9-d7321e6d4bcf,72,1736341647000,1736341947000,2025-01-08 15:07:27+0200,2025-01-08 15:12:27+0200,1500,202069,ok,
041,d74f7acf-f82f-491d-90b9-d7321e6d4bcf,73,1736341947000,1736342247000,2025-01-08 15:12:27+0200,2025-01-08 15:17:27+0200,1500,203569,ok,
041,d74f7acf-f82f-491d-90b9-d7321e6d4bcf,74,1736342247000,1736342547000,2025-01-08 15:17:27+0200,2025-01-08 15:22:27+0200,1500,205069,ok,
041,d74f7acf-f82f-491d-90b9-d7321e6d4bcf,75,1736342547000,1736342847000,2025-01-08 15:22:27+0200,2025-01-08 15:27:27+0200,1500,206569,ok,
041,d74f7acf-f82f-491d-90b9-d7321e6d4bcf,76,1736342847000,1736343147000,2025-01-08 15:27:27+0200,2025-01-08 15:32:27+0200,1500,208069,ok,
041,d74f7acf-f82f-491d-90b9-d7321e6d4bcf,77,1736343147000,1736343447000,2025-01-08 15:32:27+0200,2025-01-08 15:37:27+0200,1569,209638,ok,
041,d74f7acf-f82f-491d-90b9-d7321e6d4bcf,78,1736343447000,1736343747000,2025-01-08 15:37:27+0200,2025-01-08 15:42:27+0200,3000,212638,ok,
041,d74f7acf-f82f-491d-90b9-d7321e6d4bcf,79,1736343747000,1736344047000,2025-01-08 15:42:27+0200,2025-01-08 15:47:27+0200,3000,215638,ok,
041,d74f7acf-f82f-491d-90b9-d7321e6d4bcf,80,1736344047000,1736344347000,2025-01-08 15:47:27+0200,2025-01-08 15:52:27+0200,3000,218638,ok,
041,d74f7acf-f82f-491d-90b9-d7321e6d4bcf,81,1736344347000,1736344647000,2025-01-08 15:52:27+0200,2025-01-08 15:57:27+0200,3000,221638,ok,
041,d74f7acf-f82f-491d-90b9-d7321e6d4bcf,82,1736344647000,1736344947000,2025-01-08 15:57:27+0200,2025-01-08 16:02:27+0200,1782,223420,ok,
