endpoint,feature_name,source_table,patients_compared,available_24h,available_10d,coverage_24h_percent,coverage_10d_percent,coverage_change_percentage_points
T1,bluetooth_address_diversity_ratio,bluetooth,81,1,1,1.23,1.23,0.0
T1,location_distinct_observation_count,locations,81,1,1,1.23,1.23,0.0
T1,location_total_distance_km,locations,81,1,1,1.23,1.23,0.0
T1,unique_bluetooth_addresses,bluetooth,81,1,1,1.23,1.23,0.0
T1,call_event_count,calls,81,6,9,7.41,11.11,3.7
T1,incoming_call_count,calls,81,6,9,7.41,11.11,3.7
T1,missed_rejected_blocked_call_count,calls,81,6,9,7.41,11.11,3.7
T1,outgoing_call_count,calls,81,6,9,7.41,11.11,3.7
T1,total_call_duration_seconds,calls,81,6,9,7.41,11.11,3.7
T1,activity_active_hour_count,plugin_google_activity_recognition,81,67,71,82.72,87.65,4.94
T1,activity_state_diversity,plugin_google_activity_recognition,81,67,71,82.72,87.65,4.94
T1,activity_still_fraction,plugin_google_activity_recognition,81,67,71,82.72,87.65,4.94
T1,activity_transition_count,plugin_google_activity_recognition,81,67,71,82.72,87.65,4.94
T1,activity_unknown_fraction,plugin_google_activity_recognition,81,67,71,82.72,87.65,4.94
T1,app_foreground_event_count,applications_foreground,81,63,67,77.78,82.72,4.94
T1,app_use_diversity,applications_foreground,81,63,67,77.78,82.72,4.94
T1,gsm_cell_transition_count,gsm,81,67,71,82.72,87.65,4.94
T1,gsm_neighbor_cell_transition_count,gsm_neighbor,81,39,43,48.15,53.09,4.94
T1,message_distinct_event_count,messages,81,54,58,66.67,71.6,4.94
T1,night_screen_event_count,screen,81,68,72,83.95,88.89,4.94
T1,outgoing_message_count,messages,81,54,58,66.67,71.6,4.94
T1,screen_active_hour_count,screen,81,68,72,83.95,88.89,4.94
T1,screen_event_count,screen,81,68,72,83.95,88.89,4.94
T1,screen_off_event_count,screen,81,68,72,83.95,88.89,4.94
T1,screen_on_event_count,screen,81,68,72,83.95,88.89,4.94
T1,screen_transition_count,screen,81,68,72,83.95,88.89,4.94
T1,screen_unlock_event_count,screen,81,68,72,83.95,88.89,4.94
T1,telephony_event_count,telephony,81,67,71,82.72,87.65,4.94
T1,telephony_mobile_data_enabled_fraction,telephony,81,67,71,82.72,87.65,4.94
T1,telephony_network_type_diversity,telephony,81,67,71,82.72,87.65,4.94
T1,touch_active_hour_count,touch,81,61,65,75.31,80.25,4.94
T1,touch_app_diversity,touch,81,61,65,75.31,80.25,4.94
T1,touch_click_event_count,touch,81,61,65,75.31,80.25,4.94
T1,touch_distinct_event_count,touch,81,61,65,75.31,80.25,4.94
T1,touch_scroll_event_count,touch,81,61,65,75.31,80.25,4.94
T1,touch_unique_app_count,touch,81,61,65,75.31,80.25,4.94
T1,unique_foreground_apps,applications_foreground,81,63,67,77.78,82.72,4.94
T1,unique_gsm_cell_count,gsm,81,67,71,82.72,87.65,4.94
T1,unique_gsm_lac_count,gsm,81,67,71,82.72,87.65,4.94
T1,unique_gsm_neighbor_cell_count,gsm_neighbor,81,39,43,48.15,53.09,4.94
T1,unique_gsm_neighbor_lac_count,gsm_neighbor,81,39,43,48.15,53.09,4.94
T1,keyboard_deletion_event_count,keyboard,81,52,57,64.2,70.37,6.17
T1,keyboard_inter_event_interval_iqr_ms,keyboard,81,52,57,64.2,70.37,6.17
T1,keyboard_long_pause_count_2s,keyboard,81,52,57,64.2,70.37,6.17
T1,keyboard_median_inter_event_interval_ms,keyboard,81,52,57,64.2,70.37,6.17
T1,keyboard_typing_burst_count,keyboard,81,52,57,64.2,70.37,6.17
T1,touch_scroll_direction_change_count,touch,81,57,63,70.37,77.78,7.41
T1,touch_scroll_index_change_median,touch,81,57,63,70.37,77.78,7.41
T1,median_unlocked_session_duration_seconds,screen,81,60,70,74.07,86.42,12.35
T1,keyboard_median_word_completion_time_ms,keyboard,81,29,44,35.8,54.32,18.52
T2,activity_active_hour_count,plugin_google_activity_recognition,61,11,11,18.03,18.03,0.0
T2,activity_state_diversity,plugin_google_activity_recognition,61,11,11,18.03,18.03,0.0
T2,activity_still_fraction,plugin_google_activity_recognition,61,11,11,18.03,18.03,0.0
T2,activity_transition_count,plugin_google_activity_recognition,61,11,11,18.03,18.03,0.0
T2,activity_unknown_fraction,plugin_google_activity_recognition,61,11,11,18.03,18.03,0.0
T2,app_foreground_event_count,applications_foreground,61,22,22,36.07,36.07,0.0
T2,app_use_diversity,applications_foreground,61,22,22,36.07,36.07,0.0
T2,bluetooth_address_diversity_ratio,bluetooth,61,4,4,6.56,6.56,0.0
T2,call_event_count,calls,61,9,9,14.75,14.75,0.0
T2,charging_or_plugged_event_count,battery,61,3,3,4.92,4.92,0.0
T2,gsm_cell_transition_count,gsm,61,22,22,36.07,36.07,0.0
T2,gsm_neighbor_cell_transition_count,gsm_neighbor,61,20,20,32.79,32.79,0.0
T2,incoming_call_count,calls,61,9,9,14.75,14.75,0.0
T2,keyboard_deletion_event_count,keyboard,61,20,20,32.79,32.79,0.0
T2,keyboard_inter_event_interval_iqr_ms,keyboard,61,19,19,31.15,31.15,0.0
T2,keyboard_long_pause_count_2s,keyboard,61,19,19,31.15,31.15,0.0
T2,keyboard_median_inter_event_interval_ms,keyboard,61,19,19,31.15,31.15,0.0
T2,keyboard_median_word_completion_time_ms,keyboard,61,17,17,27.87,27.87,0.0
T2,keyboard_typing_burst_count,keyboard,61,20,20,32.79,32.79,0.0
T2,location_distinct_observation_count,locations,61,23,23,37.7,37.7,0.0
T2,low_battery_event_count,battery,61,3,3,4.92,4.92,0.0
T2,message_distinct_event_count,messages,61,9,9,14.75,14.75,0.0
T2,missed_rejected_blocked_call_count,calls,61,9,9,14.75,14.75,0.0
T2,night_screen_event_count,screen,61,24,24,39.34,39.34,0.0
T2,outgoing_call_count,calls,61,9,9,14.75,14.75,0.0
T2,outgoing_message_count,messages,61,9,9,14.75,14.75,0.0
T2,screen_active_hour_count,screen,61,24,24,39.34,39.34,0.0
T2,screen_event_count,screen,61,24,24,39.34,39.34,0.0
T2,screen_off_event_count,screen,61,24,24,39.34,39.34,0.0
T2,screen_on_event_count,screen,61,24,24,39.34,39.34,0.0
T2,screen_transition_count,screen,61,24,24,39.34,39.34,0.0
T2,screen_unlock_event_count,screen,61,24,24,39.34,39.34,0.0
T2,sensor_linear_accelerometer_active_hour_count,sensor_linear_accelerometer,61,16,16,26.23,26.23,0.0
T2,sensor_linear_accelerometer_event_count,sensor_linear_accelerometer,61,16,16,26.23,26.23,0.0
T2,sensor_linear_accelerometer_maximum_range,sensor_linear_accelerometer,61,16,16,26.23,26.23,0.0
T2,sensor_linear_accelerometer_power_ma,sensor_linear_accelerometer,61,16,16,26.23,26.23,0.0
T2,sensor_linear_accelerometer_resolution,sensor_linear_accelerometer,61,16,16,26.23,26.23,0.0
T2,significant_active_hour_count,significant,61,23,23,37.7,37.7,0.0
T2,significant_motion_transition_count,significant,61,23,23,37.7,37.7,0.0
T2,significant_moving_event_count,significant,61,23,23,37.7,37.7,0.0
T2,significant_moving_fraction,significant,61,23,23,37.7,37.7,0.0
T2,telephony_event_count,telephony,61,22,22,36.07,36.07,0.0
T2,telephony_mobile_data_enabled_fraction,telephony,61,22,22,36.07,36.07,0.0
T2,telephony_network_type_diversity,telephony,61,22,22,36.07,36.07,0.0
T2,total_call_duration_seconds,calls,61,9,9,14.75,14.75,0.0
T2,touch_active_hour_count,touch,61,1,1,1.64,1.64,0.0
T2,touch_app_diversity,touch,61,1,1,1.64,1.64,0.0
T2,touch_click_event_count,touch,61,1,1,1.64,1.64,0.0
T2,touch_distinct_event_count,touch,61,1,1,1.64,1.64,0.0
T2,touch_scroll_event_count,touch,61,1,1,1.64,1.64,0.0
T2,touch_unique_app_count,touch,61,1,1,1.64,1.64,0.0
T2,unique_bluetooth_addresses,bluetooth,61,4,4,6.56,6.56,0.0
T2,unique_foreground_apps,applications_foreground,61,22,22,36.07,36.07,0.0
T2,unique_gsm_cell_count,gsm,61,22,22,36.07,36.07,0.0
T2,unique_gsm_lac_count,gsm,61,22,22,36.07,36.07,0.0
T2,unique_gsm_neighbor_cell_count,gsm_neighbor,61,20,20,32.79,32.79,0.0
T2,unique_gsm_neighbor_lac_count,gsm_neighbor,61,1,1,1.64,1.64,0.0
T2,location_total_distance_km,locations,61,22,23,36.07,37.7,1.64
T2,touch_scroll_direction_change_count,touch,61,0,1,0.0,1.64,1.64
T2,touch_scroll_index_change_median,touch,61,0,1,0.0,1.64,1.64
T2,median_unlocked_session_duration_seconds,screen,61,8,15,13.11,24.59,11.48
