analysis_scope,repeat,domain,model,n_predictions,rmse,mae,r2
repeat,1,Memory,mean_baseline,81,13.831338996400355,11.018256172839505,-0.009007055696499622
repeat,1,Memory,domain_group_ridge,81,13.841615767323878,11.024718507790384,-0.010507009766642206
repeat,2,Memory,mean_baseline,81,14.155130204669247,11.219759615384616,-0.056801664917154326
repeat,2,Memory,domain_group_ridge,81,14.17938709378299,11.237096771938791,-0.06042673722023251
repeat,3,Memory,mean_baseline,81,13.884472662388035,11.130913461538462,-0.016774231488621005
repeat,3,Memory,domain_group_ridge,81,13.966042013784993,11.15597490039909,-0.02875613963799495
repeat,4,Memory,mean_baseline,81,13.829417767534396,11.007338853276353,-0.00872676485165802
repeat,4,Memory,domain_group_ridge,81,14.964028445230316,12.049009177020972,-0.18103509181384636
repeat,5,Memory,mean_baseline,81,13.91091405544687,11.101185897435897,-0.020650579895709953
repeat,5,Memory,domain_group_ridge,81,13.920351677533516,11.10957609939338,-0.022035935584722832
repeat,6,Memory,mean_baseline,81,14.07225211410659,11.175326745014244,-0.04446277487670125
repeat,6,Memory,domain_group_ridge,81,14.081996902597032,11.185214963518904,-0.045909820141679436
repeat,7,Memory,mean_baseline,81,13.862336547650333,11.11398148148148,-0.013534714984432927
repeat,7,Memory,domain_group_ridge,81,13.91654835856764,11.13765391564659,-0.02147753049167167
repeat,8,Memory,mean_baseline,81,13.93600658777926,11.151838497150996,-0.024336003570202713
repeat,8,Memory,domain_group_ridge,81,13.938974825490165,11.152718189594301,-0.024772397817186098
repeat,9,Memory,mean_baseline,81,14.076706767308725,11.206529855175688,-0.04512414106451179
repeat,9,Memory,domain_group_ridge,81,14.246093915956756,11.267380980616013,-0.07042774640466076
repeat,10,Memory,mean_baseline,81,13.83507509346177,11.068521486229818,-0.00955223175438058
repeat,10,Memory,domain_group_ridge,81,14.338044935412505,11.563065566733199,-0.08429043326377883
repeat,11,Memory,mean_baseline,81,13.976807068486682,11.150979047958215,-0.030342685672400727
repeat,11,Memory,domain_group_ridge,81,13.98278081115258,11.155117360000169,-0.031223618973955647
repeat,12,Memory,mean_baseline,81,13.91593034321361,11.141544693732195,-0.021386807596305735
repeat,12,Memory,domain_group_ridge,81,13.932594558033994,11.15487572639835,-0.023834477249407904
repeat,13,Memory,mean_baseline,81,14.049452731565532,11.251315586419755,-0.0410811106526201
repeat,13,Memory,domain_group_ridge,81,14.059359416555937,11.262260989287949,-0.042549822501291024
repeat,14,Memory,mean_baseline,81,14.06134848516509,11.173227386039887,-0.04284483591606669
repeat,14,Memory,domain_group_ridge,81,14.06852666660595,11.175317858283728,-0.04390983194411535
repeat,15,Memory,mean_baseline,81,13.9337833951223,11.17741304605888,-0.024009207709418945
repeat,15,Memory,domain_group_ridge,81,14.02898743145472,11.265832625331946,-0.038050313662677526
repeat,16,Memory,mean_baseline,81,13.84559740660628,11.045186965811967,-0.011088452448392072
repeat,16,Memory,domain_group_ridge,81,13.856005460743393,11.061291069543154,-0.012609140708507605
repeat,17,Memory,mean_baseline,81,13.842135557782042,11.013299501424502,-0.010582905785248009
repeat,17,Memory,domain_group_ridge,81,13.854292162335442,11.024420517656612,-0.012358737463061154
repeat,18,Memory,mean_baseline,81,13.914819028780444,11.091537571225071,-0.021223679936164697
repeat,18,Memory,domain_group_ridge,81,13.920373284398867,11.095744607798322,-0.022039108350827785
repeat,19,Memory,mean_baseline,81,13.853847550944378,11.035890313390313,-0.012293761353296295
repeat,19,Memory,domain_group_ridge,81,13.937710699705482,11.10153468161658,-0.024586533004897104
repeat,20,Memory,mean_baseline,81,13.894283698119297,11.1680116334283,-0.01821168367522885
repeat,20,Memory,domain_group_ridge,81,13.908124826884373,11.173346498857407,-0.02024132679635149
pooled,pooled,Memory,mean_baseline,1620,13.76783551641748,10.991816981244066,0.0002369322291142506
pooled,pooled,Memory,domain_group_ridge,1620,13.79542776269536,11.011902419477277,-0.0037743520630861838
repeat,1,Executive function,mean_baseline,81,11.668074246149871,9.416925747863244,-0.046267132570514846
repeat,1,Executive function,domain_group_ridge,81,11.596323540792998,9.183726227960065,-0.03343903647535296
repeat,2,Executive function,mean_baseline,81,11.650463620303357,9.503368352326687,-0.04311125373819924
repeat,2,Executive function,domain_group_ridge,81,12.04615309916389,9.738864571341473,-0.11516972788498192
repeat,3,Executive function,mean_baseline,81,11.49379491509532,9.317170287274452,-0.015245567617790723
repeat,3,Executive function,domain_group_ridge,81,11.568975814311827,9.210046781293068,-0.028570444722056942
repeat,4,Executive function,mean_baseline,81,11.535928749252227,9.360153430674263,-0.022702563839645862
repeat,4,Executive function,domain_group_ridge,81,11.573401420105752,9.306959603018592,-0.0293575356564173
repeat,5,Executive function,mean_baseline,81,11.523723843970854,9.36781339031339,-0.020539689002204486
repeat,5,Executive function,domain_group_ridge,81,11.832698248318188,9.561334406424184,-0.07599881658446428
repeat,6,Executive function,mean_baseline,81,11.445767633517608,9.23266915954416,-0.006778805616602712
repeat,6,Executive function,domain_group_ridge,81,11.530254629518309,9.16480822781194,-0.021696748045404224
repeat,7,Executive function,mean_baseline,81,11.48748279789461,9.266131885090218,-0.014130776654206256
repeat,7,Executive function,domain_group_ridge,81,11.594319696174967,9.303366733873805,-0.03308191081867751
repeat,8,Executive function,mean_baseline,81,11.62041856006445,9.406554190408357,-0.03773808918381483
repeat,8,Executive function,domain_group_ridge,81,11.591105438888723,9.420262390117598,-0.032509194028463195
repeat,9,Executive function,mean_baseline,81,11.632150149868421,9.448877018043685,-0.03983447889942804
repeat,9,Executive function,domain_group_ridge,81,11.752932958053222,9.384694504263056,-0.061540901552899374
repeat,10,Executive function,mean_baseline,81,11.478017645230038,9.264501424501425,-0.012460271763525821
repeat,10,Executive function,domain_group_ridge,81,12.518932202640281,9.864963137821006,-0.204422304806676
repeat,11,Executive function,mean_baseline,81,11.65089864577725,9.438596272554605,-0.04318915423285552
repeat,11,Executive function,domain_group_ridge,81,11.609015828017236,9.324538220462257,-0.03570249233931033
repeat,12,Executive function,mean_baseline,81,11.607083234753535,9.385384615384613,-0.03535768704597997
repeat,12,Executive function,domain_group_ridge,81,11.845602344304174,9.44302832461099,-0.07834694762225247
repeat,13,Executive function,mean_baseline,81,11.877269917538436,9.554911858974359,-0.08412027611221862
repeat,13,Executive function,domain_group_ridge,81,11.922548348202413,9.511973761088004,-0.0924017802168211
repeat,14,Executive function,mean_baseline,81,11.48299123432911,9.336483262108262,-0.013337888877720694
repeat,14,Executive function,domain_group_ridge,81,11.324582343689473,9.099101222137362,0.01442744190649492
repeat,15,Executive function,mean_baseline,81,11.483951121916727,9.279804724596392,-0.013507310084508228
repeat,15,Executive function,domain_group_ridge,81,11.636147270814952,9.374583904832825,-0.040549232103097355
repeat,16,Executive function,mean_baseline,81,11.5622046675962,9.308591820987655,-0.02736678359209166
repeat,16,Executive function,domain_group_ridge,81,11.586447074061232,9.320025757184684,-0.03167944780115084
repeat,17,Executive function,mean_baseline,81,11.577746134995628,9.408825083095914,-0.030130533032994622
repeat,17,Executive function,domain_group_ridge,81,11.700115145564695,9.392040659670526,-0.05202118715078052
repeat,18,Executive function,mean_baseline,81,11.459297129721653,9.254765254036085,-0.009160342785059727
repeat,18,Executive function,domain_group_ridge,81,11.376053913797232,9.113834712929997,0.005447993470607981
repeat,19,Executive function,mean_baseline,81,11.519603066826148,9.280345738366574,-0.019809948377806252
repeat,19,Executive function,domain_group_ridge,81,11.566585136225543,9.298503445992134,-0.02814538950661505
repeat,20,Executive function,mean_baseline,81,11.448302165273278,9.258088793922129,-0.007224733833741004
repeat,20,Executive function,domain_group_ridge,81,11.261922511117293,9.057676367399303,0.025303774410788904
pooled,pooled,Executive function,mean_baseline,1620,11.419716072905375,9.230320438627729,-0.0022009894083481196
pooled,pooled,Executive function,domain_group_ridge,1620,11.681464874605151,9.427479639095186,-0.0486699650152842
repeat,1,Processing speed,mean_baseline,71,13.6611284752683,11.165302340357934,-0.019149528691427387
repeat,1,Processing speed,domain_group_ridge,71,13.832467156858312,11.383473412480331,-0.044874311595119565
repeat,2,Processing speed,mean_baseline,71,13.74369052296874,11.275589501923823,-0.0315053651242172
repeat,2,Processing speed,domain_group_ridge,71,14.028502319320442,11.606404843369498,-0.07470030778686887
repeat,3,Processing speed,mean_baseline,71,13.567254416710327,11.144680804122984,-0.005191239227434696
repeat,3,Processing speed,domain_group_ridge,71,13.931192121288506,11.829937305964663,-0.05984247268987142
repeat,4,Processing speed,mean_baseline,71,13.762466520248385,11.287688852412725,-0.034325680587404594
repeat,4,Processing speed,domain_group_ridge,71,13.912898449110532,11.250828961625439,-0.0570608470124947
repeat,5,Processing speed,mean_baseline,71,13.56063062333353,11.110344082036079,-0.004209971604214102
repeat,5,Processing speed,domain_group_ridge,71,13.64379750194252,11.179481236097637,-0.016565313268849913
repeat,6,Processing speed,mean_baseline,71,13.981191668149156,11.505297133679269,-0.06746374980209668
repeat,6,Processing speed,domain_group_ridge,71,14.275470643988696,12.208972919384433,-0.11287305471130615
repeat,7,Processing speed,mean_baseline,71,13.73686941013005,11.32689823149423,-0.030481729084107734
repeat,7,Processing speed,domain_group_ridge,71,13.779483918766772,11.49613017867697,-0.03688516576330403
repeat,8,Processing speed,mean_baseline,71,13.61342729644653,11.19356886935649,-0.01204473364517833
repeat,8,Processing speed,domain_group_ridge,71,13.992981162079763,11.571883526658265,-0.06926476415381844
repeat,9,Processing speed,mean_baseline,71,13.645384811893717,11.12448815701225,-0.016801860036765648
repeat,9,Processing speed,domain_group_ridge,71,13.480549342699028,11.087128863288783,0.007615579923988425
repeat,10,Processing speed,mean_baseline,71,13.651600176105383,11.22019838328215,-0.01772836130972899
repeat,10,Processing speed,domain_group_ridge,71,13.456917195908211,11.035171487048288,0.011091939412719576
repeat,11,Processing speed,mean_baseline,71,13.658922280778741,11.207864732253167,-0.01882038157550525
repeat,11,Processing speed,domain_group_ridge,71,13.212612627811215,11.01957391939099,0.046672411296190375
repeat,12,Processing speed,mean_baseline,71,13.70023243941097,11.26984935931378,-0.024992358515764312
repeat,12,Processing speed,domain_group_ridge,71,31.15772114750103,14.618916955299765,-4.301467813505267
repeat,13,Processing speed,mean_baseline,71,13.704035361069987,11.320855836775037,-0.02556147391698138
repeat,13,Processing speed,domain_group_ridge,71,13.898552103246837,11.495765212713527,-0.054881985165972536
repeat,14,Processing speed,mean_baseline,71,13.65655439585959,11.257625136785624,-0.018467170647375797
repeat,14,Processing speed,domain_group_ridge,71,13.453340017229692,11.15183877494471,0.01161762157314461
repeat,15,Processing speed,mean_baseline,71,13.984610396829764,11.449730841187474,-0.06798585338262986
repeat,15,Processing speed,domain_group_ridge,71,14.14653868800444,11.498223783123883,-0.0928615334045444
repeat,16,Processing speed,mean_baseline,71,13.540049416417943,11.090617388541778,-0.00116407059794299
repeat,16,Processing speed,domain_group_ridge,71,13.555193801527526,11.220050515338377,-0.0034049034107699327
repeat,17,Processing speed,mean_baseline,71,13.991750570365836,11.438252320943201,-0.06907670265580745
repeat,17,Processing speed,domain_group_ridge,71,13.764576927192008,11.266757939177786,-0.03464292247999845
repeat,18,Processing speed,mean_baseline,71,13.932478851172345,11.36567210279219,-0.06003826267671486
repeat,18,Processing speed,domain_group_ridge,71,13.834519307093577,11.555466744349644,-0.045184364472458105
repeat,19,Processing speed,mean_baseline,71,13.663103750723442,11.243952751597305,-0.0194442695821051
repeat,19,Processing speed,domain_group_ridge,71,14.040246215020858,11.42046990376295,-0.07650042171389115
repeat,20,Processing speed,mean_baseline,71,13.609849560374073,11.178165484132867,-0.011512853894722674
repeat,20,Processing speed,domain_group_ridge,71,19.27935810818064,12.697951442585076,-1.0297843386319347
pooled,pooled,Processing speed,mean_baseline,1420,13.53599902637345,11.10560865191147,-0.000565180839898094
pooled,pooled,Processing speed,domain_group_ridge,1420,16.0553172981178,12.160834645452487,-0.4076754689977209
repeat,1,Attention,mean_baseline,81,12.171802130219675,9.711104878917379,-0.025354112117607075
repeat,1,Attention,domain_group_ridge,81,11.883273888269525,9.694100432024015,0.02268104032928997
repeat,2,Attention,mean_baseline,81,12.410024054152686,9.852660553181385,-0.06588256088711764
repeat,2,Attention,domain_group_ridge,81,11.884407039836509,9.561200126496463,0.022494643327503505
repeat,3,Attention,mean_baseline,81,12.07581819382426,9.589852207977206,-0.009246476742053034
repeat,3,Attention,domain_group_ridge,81,12.128193724484554,9.632080691169058,-0.018020118640329708
repeat,4,Attention,mean_baseline,81,12.20705000792342,9.671741749762582,-0.03130128189032266
repeat,4,Attention,domain_group_ridge,81,12.256712856008457,9.811703115795707,-0.039709790834169256
repeat,5,Attention,mean_baseline,81,12.104984294949158,9.648238960113959,-0.014127526074581898
repeat,5,Attention,domain_group_ridge,81,12.561518909505228,10.130889987752193,-0.0920648354401401
repeat,6,Attention,mean_baseline,81,12.074592319380056,9.61812114197531,-0.009041580204801392
repeat,6,Attention,domain_group_ridge,81,11.984010600590787,9.60689494006779,0.006040980140301522
repeat,7,Attention,mean_baseline,81,12.05729877511986,9.608740800094964,-0.006153298983702538
repeat,7,Attention,domain_group_ridge,81,11.864754541064894,9.43699721146061,0.02572484896099414
repeat,8,Attention,mean_baseline,81,12.24913064817549,9.83023771367521,-0.03842382494049379
repeat,8,Attention,domain_group_ridge,81,12.275561304606827,9.940862534402878,-0.04290999384287297
repeat,9,Attention,mean_baseline,81,12.27258967873976,9.733029736467236,-0.042405126794688996
repeat,9,Attention,domain_group_ridge,81,11.980624033199092,9.585508167547356,0.0066026674922722295
repeat,10,Attention,mean_baseline,81,12.073769841016349,9.61707324311491,-0.008904120225959877
repeat,10,Attention,domain_group_ridge,81,12.399402683571523,9.698485457613003,-0.06405882728032375
repeat,11,Attention,mean_baseline,81,12.133840389790155,9.670172720797721,-0.01896828243030968
repeat,11,Attention,domain_group_ridge,81,12.057740495014395,9.50851717142078,-0.006227021312129377
repeat,12,Attention,mean_baseline,81,12.038700857490685,9.588421771130106,-0.0030517876116700204
repeat,12,Attention,domain_group_ridge,81,12.028920370732756,9.5390047799652,-0.0014226500852767554
repeat,13,Attention,mean_baseline,81,12.35952241236785,9.840070334757835,-0.0572251573377105
repeat,13,Attention,domain_group_ridge,81,12.548356888629636,10.099601788862033,-0.08977749267426516
repeat,14,Attention,mean_baseline,81,12.060624943329076,9.569699074074073,-0.006708497421807902
repeat,14,Attention,domain_group_ridge,81,11.968823215120311,9.62775420126255,0.008558680415608921
repeat,15,Attention,mean_baseline,81,12.09900705623502,9.636204000474832,-0.01312625493145414
repeat,15,Attention,domain_group_ridge,81,12.353813521751185,9.645325665121122,-0.05624871364440032
repeat,16,Attention,mean_baseline,81,12.222821383933926,9.743867521367518,-0.033967863482752936
repeat,16,Attention,domain_group_ridge,81,12.487505228502801,10.119547194504861,-0.07923364575208103
repeat,17,Attention,mean_baseline,81,12.161496587389582,9.723535731244064,-0.02361856675177898
repeat,17,Attention,domain_group_ridge,81,11.712576042441723,9.249174320664402,0.05055686831614947
repeat,18,Attention,mean_baseline,81,12.136013845296258,9.688685897435896,-0.0193333573783252
repeat,18,Attention,domain_group_ridge,81,11.94699044238572,9.470127419751238,0.012172430918318988
repeat,19,Attention,mean_baseline,81,12.056078360127362,9.595168269230768,-0.005949627755224007
repeat,19,Attention,domain_group_ridge,81,12.113822465779842,9.664590396612098,-0.015608949622957669
repeat,20,Attention,mean_baseline,81,12.146761179121098,9.633070690883189,-0.021139546262272324
repeat,20,Attention,domain_group_ridge,81,12.051949662546873,9.473839254485435,-0.005260755219429258
pooled,pooled,Attention,mean_baseline,1620,12.025816325275608,9.575008888295345,-0.0009058854439105701
pooled,pooled,Attention,domain_group_ridge,1620,12.533636809011716,10.033231570079147,-0.08722222545523839
repeat,1,Motor,mean_baseline,79,10.681266377638355,8.935061595840867,-0.0376229496509457
repeat,1,Motor,domain_group_ridge,79,10.825247783358178,9.147384914195145,-0.06578540463106597
repeat,2,Motor,mean_baseline,79,10.544162216555913,8.79014968856741,-0.011156165166716248
repeat,2,Motor,domain_group_ridge,79,10.563637888757043,8.752729746781597,-0.014894941678750495
repeat,3,Motor,mean_baseline,79,10.859495458294605,9.106219547418121,-0.07253969074762168
repeat,3,Motor,domain_group_ridge,79,12.192048605105015,9.985133103009186,-0.35190896336498123
repeat,4,Motor,mean_baseline,79,10.740884854130975,8.988345137633113,-0.04923845292179729
repeat,4,Motor,domain_group_ridge,79,10.895162745867191,9.19378319128763,-0.07959663073884649
repeat,5,Motor,mean_baseline,79,10.675153318342494,8.936426624974883,-0.03643559315609002
repeat,5,Motor,domain_group_ridge,79,10.647787075883045,8.979111468419672,-0.031128504532002665
repeat,6,Motor,mean_baseline,79,10.609435548180693,8.823877335744424,-0.02371398068991315
repeat,6,Motor,domain_group_ridge,79,10.61475592903143,8.836761492386685,-0.024740974801387372
repeat,7,Motor,mean_baseline,79,10.651913763288228,8.88304952782801,-0.03192791375208759
repeat,7,Motor,domain_group_ridge,79,10.701032911570982,8.96864845428035,-0.04146691092021926
repeat,8,Motor,mean_baseline,79,10.631733095098326,8.876371935905164,-0.028021523181221086
repeat,8,Motor,domain_group_ridge,79,11.113190574164845,9.284837289799011,-0.12323751635570201
repeat,9,Motor,mean_baseline,79,10.684245474654574,8.917986173899939,-0.03820183428919366
repeat,9,Motor,domain_group_ridge,79,10.741919054810728,8.969060964896798,-0.04944051734707511
repeat,10,Motor,mean_baseline,79,10.642412221563115,8.934870403857744,-0.030087768714579077
repeat,10,Motor,domain_group_ridge,79,10.642629210216453,8.934678175356764,-0.03012977416066631
repeat,11,Motor,mean_baseline,79,10.903481964826305,9.130422757183043,-0.08124595529362577
repeat,11,Motor,domain_group_ridge,79,10.954111415859455,9.227856273847697,-0.09131062756080977
repeat,12,Motor,mean_baseline,79,10.63790064151375,8.938339172694393,-0.029214594800169635
repeat,12,Motor,domain_group_ridge,79,10.854870595953022,9.205349391068863,-0.07162633484017977
repeat,13,Motor,mean_baseline,79,10.782166180650917,9.075048975286318,-0.05731920079417496
repeat,13,Motor,domain_group_ridge,79,10.965264236341975,9.24491532478649,-0.09353397312428724
repeat,14,Motor,mean_baseline,79,10.761680422305366,8.93439823186659,-0.05330527471445379
repeat,14,Motor,domain_group_ridge,79,10.821789411457374,8.941896103884705,-0.0651045345761907
repeat,15,Motor,mean_baseline,79,10.502220917458583,8.764063441832427,-0.0031280530840918086
repeat,15,Motor,domain_group_ridge,79,10.729967839461954,9.002644894321927,-0.04710664896984129
repeat,16,Motor,mean_baseline,79,10.568860789465463,8.830974984930682,-0.0158987636494341
repeat,16,Motor,domain_group_ridge,79,11.031076606556617,9.198802885111368,-0.1066999185172921
repeat,17,Motor,mean_baseline,79,10.531482481448748,8.811397428169581,-0.008725723925357087
repeat,17,Motor,domain_group_ridge,79,10.80152032558173,8.983941556942604,-0.06111841420920672
repeat,18,Motor,mean_baseline,79,10.600828091962349,8.861200899136026,-0.0220535721214441
repeat,18,Motor,domain_group_ridge,79,10.553644318410395,8.831831255948005,-0.012975597877451284
repeat,19,Motor,mean_baseline,79,10.650504272929394,8.86978162045409,-0.031654836773329365
repeat,19,Motor,domain_group_ridge,79,12.570214048398395,10.063573734505603,-0.4370749619899639
repeat,20,Motor,mean_baseline,79,10.902999531437825,9.097933619650394,-0.08115027620473958
repeat,20,Motor,domain_group_ridge,79,10.895383403435567,9.10170396128628,-0.07964036089419069
pooled,pooled,Motor,mean_baseline,1580,10.505300668627191,8.770706280138638,-0.0037164691525382043
pooled,pooled,Motor,domain_group_ridge,1580,10.70269543503797,8.886383846088119,-0.04179054279664762
