Subject_ID_D,device_id,chunk_start_ms,chunk_end_ms,chunk_start_local,chunk_end_local,rows_downloaded,cumulative_rows_downloaded,status,error_message
074,4b212ab8-f9dd-4e61-be16-1787edb030d3,1737623226000,1737623526000,2025-01-23 11:07:06+0200,2025-01-23 11:12:06+0200,0,0,ok,
074,4b212ab8-f9dd-4e61-be16-1787edb030d3,1737623526000,1737623826000,2025-01-23 11:12:06+0200,2025-01-23 11:17:06+0200,0,0,ok,
074,4b212ab8-f9dd-4e61-be16-1787edb030d3,1737623826000,1737624126000,2025-01-23 11:17:06+0200,2025-01-23 11:22:06+0200,0,0,ok,
074,4b212ab8-f9dd-4e61-be16-1787edb030d3,1737624126000,1737624426000,2025-01-23 11:22:06+0200,2025-01-23 11:27:06+0200,0,0,ok,
074,4b212ab8-f9dd-4e61-be16-1787edb030d3,1737624426000,1737624726000,2025-01-23 11:27:06+0200,2025-01-23 11:32:06+0200,0,0,ok,
074,4b212ab8-f9dd-4e61-be16-1787edb030d3,1737624726000,1737625026000,2025-01-23 11:32:06+0200,2025-01-23 11:37:06+0200,0,0,ok,
074,4b212ab8-f9dd-4e61-be16-1787edb030d3,1737625026000,1737625326000,2025-01-23 11:37:06+0200,2025-01-23 11:42:06+0200,0,0,ok,
074,4b212ab8-f9dd-4e61-be16-1787edb030d3,1737625326000,1737625626000,2025-01-23 11:42:06+0200,2025-01-23 11:47:06+0200,0,0,ok,
074,4b212ab8-f9dd-4e61-be16-1787edb030d3,1737625626000,1737625926000,2025-01-23 11:47:06+0200,2025-01-23 11:52:06+0200,0,0,ok,
074,4b212ab8-f9dd-4e61-be16-1787edb030d3,1737625926000,1737626226000,2025-01-23 11:52:06+0200,2025-01-23 11:57:06+0200,0,0,ok,
074,4b212ab8-f9dd-4e61-be16-1787edb030d3,1737626226000,1737626526000,2025-01-23 11:57:06+0200,2025-01-23 12:02:06+0200,0,0,ok,
074,4b212ab8-f9dd-4e61-be16-1787edb030d3,1737626526000,1737626826000,2025-01-23 12:02:06+0200,2025-01-23 12:07:06+0200,0,0,initial_anchor_no_rows,Stopped after 12 consecutive empty initial chunks.
032,c7fce041-6004-4299-b7d5-8947b4cb54cb,1737626934000,1737627234000,2025-01-23 12:08:54+0200,2025-01-23 12:13:54+0200,0,0,ok,
032,c7fce041-6004-4299-b7d5-8947b4cb54cb,1737627234000,1737627534000,2025-01-23 12:13:54+0200,2025-01-23 12:18:54+0200,0,0,ok,
032,c7fce041-6004-4299-b7d5-8947b4cb54cb,1737627534000,1737627834000,2025-01-23 12:18:54+0200,2025-01-23 12:23:54+0200,0,0,ok,
032,c7fce041-6004-4299-b7d5-8947b4cb54cb,1737627834000,1737628134000,2025-01-23 12:23:54+0200,2025-01-23 12:28:54+0200,0,0,ok,
032,c7fce041-6004-4299-b7d5-8947b4cb54cb,1737628134000,1737628434000,2025-01-23 12:28:54+0200,2025-01-23 12:33:54+0200,0,0,ok,
032,c7fce041-6004-4299-b7d5-8947b4cb54cb,1737628434000,1737628734000,2025-01-23 12:33:54+0200,2025-01-23 12:38:54+0200,0,0,ok,
032,c7fce041-6004-4299-b7d5-8947b4cb54cb,1737628734000,1737629034000,2025-01-23 12:38:54+0200,2025-01-23 12:43:54+0200,0,0,ok,
032,c7fce041-6004-4299-b7d5-8947b4cb54cb,1737629034000,1737629334000,2025-01-23 12:43:54+0200,2025-01-23 12:48:54+0200,0,0,ok,
032,c7fce041-6004-4299-b7d5-8947b4cb54cb,1737629334000,1737629634000,2025-01-23 12:48:54+0200,2025-01-23 12:53:54+0200,0,0,ok,
032,c7fce041-6004-4299-b7d5-8947b4cb54cb,1737629634000,1737629934000,2025-01-23 12:53:54+0200,2025-01-23 12:58:54+0200,0,0,ok,
032,c7fce041-6004-4299-b7d5-8947b4cb54cb,1737629934000,1737630234000,2025-01-23 12:58:54+0200,2025-01-23 13:03:54+0200,0,0,ok,
032,c7fce041-6004-4299-b7d5-8947b4cb54cb,1737630234000,1737630534000,2025-01-23 13:03:54+0200,2025-01-23 13:08:54+0200,0,0,initial_anchor_no_rows,Stopped after 12 consecutive empty initial chunks.
013,23d13a76-7c5a-4ac4-a7eb-5de4025645e7,1737961625000,1737961925000,2025-01-27 09:07:05+0200,2025-01-27 09:12:05+0200,0,0,ok,
013,23d13a76-7c5a-4ac4-a7eb-5de4025645e7,1737961925000,1737962225000,2025-01-27 09:12:05+0200,2025-01-27 09:17:05+0200,0,0,ok,
013,23d13a76-7c5a-4ac4-a7eb-5de4025645e7,1737962225000,1737962525000,2025-01-27 09:17:05+0200,2025-01-27 09:22:05+0200,0,0,ok,
013,23d13a76-7c5a-4ac4-a7eb-5de4025645e7,1737962525000,1737962825000,2025-01-27 09:22:05+0200,2025-01-27 09:27:05+0200,0,0,ok,
013,23d13a76-7c5a-4ac4-a7eb-5de4025645e7,1737962825000,1737963125000,2025-01-27 09:27:05+0200,2025-01-27 09:32:05+0200,0,0,ok,
013,23d13a76-7c5a-4ac4-a7eb-5de4025645e7,1737963125000,1737963425000,2025-01-27 09:32:05+0200,2025-01-27 09:37:05+0200,0,0,ok,
013,23d13a76-7c5a-4ac4-a7eb-5de4025645e7,1737963425000,1737963725000,2025-01-27 09:37:05+0200,2025-01-27 09:42:05+0200,0,0,ok,
013,23d13a76-7c5a-4ac4-a7eb-5de4025645e7,1737963725000,1737964025000,2025-01-27 09:42:05+0200,2025-01-27 09:47:05+0200,0,0,ok,
013,23d13a76-7c5a-4ac4-a7eb-5de4025645e7,1737964025000,1737964325000,2025-01-27 09:47:05+0200,2025-01-27 09:52:05+0200,0,0,ok,
013,23d13a76-7c5a-4ac4-a7eb-5de4025645e7,1737964325000,1737964625000,2025-01-27 09:52:05+0200,2025-01-27 09:57:05+0200,0,0,ok,
013,23d13a76-7c5a-4ac4-a7eb-5de4025645e7,1737964625000,1737964925000,2025-01-27 09:57:05+0200,2025-01-27 10:02:05+0200,0,0,ok,
013,23d13a76-7c5a-4ac4-a7eb-5de4025645e7,1737964925000,1737965225000,2025-01-27 10:02:05+0200,2025-01-27 10:07:05+0200,0,0,initial_anchor_no_rows,Stopped after 12 consecutive empty initial chunks.
089,e361ed72-5d8b-48b9-b2eb-c5eeb03da274,1737628085000,1737628385000,2025-01-23 12:28:05+0200,2025-01-23 12:33:05+0200,0,0,ok,
089,e361ed72-5d8b-48b9-b2eb-c5eeb03da274,1737628385000,1737628685000,2025-01-23 12:33:05+0200,2025-01-23 12:38:05+0200,0,0,ok,
089,e361ed72-5d8b-48b9-b2eb-c5eeb03da274,1737628685000,1737628985000,2025-01-23 12:38:05+0200,2025-01-23 12:43:05+0200,0,0,ok,
089,e361ed72-5d8b-48b9-b2eb-c5eeb03da274,1737628985000,1737629285000,2025-01-23 12:43:05+0200,2025-01-23 12:48:05+0200,0,0,ok,
089,e361ed72-5d8b-48b9-b2eb-c5eeb03da274,1737629285000,1737629585000,2025-01-23 12:48:05+0200,2025-01-23 12:53:05+0200,0,0,ok,
089,e361ed72-5d8b-48b9-b2eb-c5eeb03da274,1737629585000,1737629885000,2025-01-23 12:53:05+0200,2025-01-23 12:58:05+0200,0,0,ok,
089,e361ed72-5d8b-48b9-b2eb-c5eeb03da274,1737629885000,1737630185000,2025-01-23 12:58:05+0200,2025-01-23 13:03:05+0200,0,0,ok,
089,e361ed72-5d8b-48b9-b2eb-c5eeb03da274,1737630185000,1737630485000,2025-01-23 13:03:05+0200,2025-01-23 13:08:05+0200,0,0,ok,
089,e361ed72-5d8b-48b9-b2eb-c5eeb03da274,1737630485000,1737630785000,2025-01-23 13:08:05+0200,2025-01-23 13:13:05+0200,0,0,ok,
089,e361ed72-5d8b-48b9-b2eb-c5eeb03da274,1737630785000,1737631085000,2025-01-23 13:13:05+0200,2025-01-23 13:18:05+0200,0,0,ok,
089,e361ed72-5d8b-48b9-b2eb-c5eeb03da274,1737631085000,1737631385000,2025-01-23 13:18:05+0200,2025-01-23 13:23:05+0200,0,0,ok,
089,e361ed72-5d8b-48b9-b2eb-c5eeb03da274,1737631385000,1737631685000,2025-01-23 13:23:05+0200,2025-01-23 13:28:05+0200,0,0,initial_anchor_no_rows,Stopped after 12 consecutive empty initial chunks.
044,e2569598-0fd8-4d72-a20e-378428f477a0,1738664552000,1738664852000,2025-02-04 12:22:32+0200,2025-02-04 12:27:32+0200,0,0,ok,
044,e2569598-0fd8-4d72-a20e-378428f477a0,1738664852000,1738665152000,2025-02-04 12:27:32+0200,2025-02-04 12:32:32+0200,0,0,ok,
044,e2569598-0fd8-4d72-a20e-378428f477a0,1738665152000,1738665452000,2025-02-04 12:32:32+0200,2025-02-04 12:37:32+0200,0,0,ok,
044,e2569598-0fd8-4d72-a20e-378428f477a0,1738665452000,1738665752000,2025-02-04 12:37:32+0200,2025-02-04 12:42:32+0200,0,0,ok,
044,e2569598-0fd8-4d72-a20e-378428f477a0,1738665752000,1738666052000,2025-02-04 12:42:32+0200,2025-02-04 12:47:32+0200,0,0,ok,
044,e2569598-0fd8-4d72-a20e-378428f477a0,1738666052000,1738666352000,2025-02-04 12:47:32+0200,2025-02-04 12:52:32+0200,0,0,ok,
044,e2569598-0fd8-4d72-a20e-378428f477a0,1738666352000,1738666652000,2025-02-04 12:52:32+0200,2025-02-04 12:57:32+0200,0,0,ok,
044,e2569598-0fd8-4d72-a20e-378428f477a0,1738666652000,1738666952000,2025-02-04 12:57:32+0200,2025-02-04 13:02:32+0200,0,0,ok,
044,e2569598-0fd8-4d72-a20e-378428f477a0,1738666952000,1738667252000,2025-02-04 13:02:32+0200,2025-02-04 13:07:32+0200,0,0,ok,
044,e2569598-0fd8-4d72-a20e-378428f477a0,1738667252000,1738667552000,2025-02-04 13:07:32+0200,2025-02-04 13:12:32+0200,0,0,ok,
044,e2569598-0fd8-4d72-a20e-378428f477a0,1738667552000,1738667852000,2025-02-04 13:12:32+0200,2025-02-04 13:17:32+0200,0,0,ok,
044,e2569598-0fd8-4d72-a20e-378428f477a0,1738667852000,1738668152000,2025-02-04 13:17:32+0200,2025-02-04 13:22:32+0200,0,0,initial_anchor_no_rows,Stopped after 12 consecutive empty initial chunks.
007,26b25b93-8dcc-4a4e-8ca2-0d920e37acba,1737620372000,1737620672000,2025-01-23 10:19:32+0200,2025-01-23 10:24:32+0200,0,0,ok,
007,26b25b93-8dcc-4a4e-8ca2-0d920e37acba,1737620672000,1737620972000,2025-01-23 10:24:32+0200,2025-01-23 10:29:32+0200,0,0,ok,
007,26b25b93-8dcc-4a4e-8ca2-0d920e37acba,1737620972000,1737621272000,2025-01-23 10:29:32+0200,2025-01-23 10:34:32+0200,0,0,ok,
007,26b25b93-8dcc-4a4e-8ca2-0d920e37acba,1737621272000,1737621572000,2025-01-23 10:34:32+0200,2025-01-23 10:39:32+0200,0,0,ok,
007,26b25b93-8dcc-4a4e-8ca2-0d920e37acba,1737621572000,1737621872000,2025-01-23 10:39:32+0200,2025-01-23 10:44:32+0200,0,0,ok,
007,26b25b93-8dcc-4a4e-8ca2-0d920e37acba,1737621872000,1737622172000,2025-01-23 10:44:32+0200,2025-01-23 10:49:32+0200,0,0,ok,
007,26b25b93-8dcc-4a4e-8ca2-0d920e37acba,1737622172000,1737622472000,2025-01-23 10:49:32+0200,2025-01-23 10:54:32+0200,0,0,ok,
007,26b25b93-8dcc-4a4e-8ca2-0d920e37acba,1737622472000,1737622772000,2025-01-23 10:54:32+0200,2025-01-23 10:59:32+0200,0,0,ok,
007,26b25b93-8dcc-4a4e-8ca2-0d920e37acba,1737622772000,1737623072000,2025-01-23 10:59:32+0200,2025-01-23 11:04:32+0200,0,0,ok,
007,26b25b93-8dcc-4a4e-8ca2-0d920e37acba,1737623072000,1737623372000,2025-01-23 11:04:32+0200,2025-01-23 11:09:32+0200,0,0,ok,
007,26b25b93-8dcc-4a4e-8ca2-0d920e37acba,1737623372000,1737623672000,2025-01-23 11:09:32+0200,2025-01-23 11:14:32+0200,0,0,ok,
007,26b25b93-8dcc-4a4e-8ca2-0d920e37acba,1737623672000,1737623972000,2025-01-23 11:14:32+0200,2025-01-23 11:19:32+0200,0,0,initial_anchor_no_rows,Stopped after 12 consecutive empty initial chunks.
076,d7e2b2ca-098b-4c70-ae74-ef074e95af83,1738059690000,1738059990000,2025-01-28 12:21:30+0200,2025-01-28 12:26:30+0200,0,0,ok,
076,d7e2b2ca-098b-4c70-ae74-ef074e95af83,1738059990000,1738060290000,2025-01-28 12:26:30+0200,2025-01-28 12:31:30+0200,0,0,ok,
076,d7e2b2ca-098b-4c70-ae74-ef074e95af83,1738060290000,1738060590000,2025-01-28 12:31:30+0200,2025-01-28 12:36:30+0200,0,0,ok,
076,d7e2b2ca-098b-4c70-ae74-ef074e95af83,1738060590000,1738060890000,2025-01-28 12:36:30+0200,2025-01-28 12:41:30+0200,0,0,ok,
076,d7e2b2ca-098b-4c70-ae74-ef074e95af83,1738060890000,1738061190000,2025-01-28 12:41:30+0200,2025-01-28 12:46:30+0200,0,0,ok,
076,d7e2b2ca-098b-4c70-ae74-ef074e95af83,1738061190000,1738061490000,2025-01-28 12:46:30+0200,2025-01-28 12:51:30+0200,0,0,ok,
076,d7e2b2ca-098b-4c70-ae74-ef074e95af83,1738061490000,1738061790000,2025-01-28 12:51:30+0200,2025-01-28 12:56:30+0200,0,0,ok,
076,d7e2b2ca-098b-4c70-ae74-ef074e95af83,1738061790000,1738062090000,2025-01-28 12:56:30+0200,2025-01-28 13:01:30+0200,0,0,ok,
076,d7e2b2ca-098b-4c70-ae74-ef074e95af83,1738062090000,1738062390000,2025-01-28 13:01:30+0200,2025-01-28 13:06:30+0200,0,0,ok,
076,d7e2b2ca-098b-4c70-ae74-ef074e95af83,1738062390000,1738062690000,2025-01-28 13:06:30+0200,2025-01-28 13:11:30+0200,0,0,ok,
076,d7e2b2ca-098b-4c70-ae74-ef074e95af83,1738062690000,1738062990000,2025-01-28 13:11:30+0200,2025-01-28 13:16:30+0200,0,0,ok,
076,d7e2b2ca-098b-4c70-ae74-ef074e95af83,1738062990000,1738063290000,2025-01-28 13:16:30+0200,2025-01-28 13:21:30+0200,0,0,initial_anchor_no_rows,Stopped after 12 consecutive empty initial chunks.
022,e543fafa-f97a-414d-8fb4-91a2f135e48d,1737450704000,1737451004000,2025-01-21 11:11:44+0200,2025-01-21 11:16:44+0200,0,0,ok,
022,e543fafa-f97a-414d-8fb4-91a2f135e48d,1737451004000,1737451304000,2025-01-21 11:16:44+0200,2025-01-21 11:21:44+0200,0,0,ok,
022,e543fafa-f97a-414d-8fb4-91a2f135e48d,1737451304000,1737451604000,2025-01-21 11:21:44+0200,2025-01-21 11:26:44+0200,0,0,ok,
022,e543fafa-f97a-414d-8fb4-91a2f135e48d,1737451604000,1737451904000,2025-01-21 11:26:44+0200,2025-01-21 11:31:44+0200,0,0,ok,
022,e543fafa-f97a-414d-8fb4-91a2f135e48d,1737451904000,1737452204000,2025-01-21 11:31:44+0200,2025-01-21 11:36:44+0200,0,0,ok,
022,e543fafa-f97a-414d-8fb4-91a2f135e48d,1737452204000,1737452504000,2025-01-21 11:36:44+0200,2025-01-21 11:41:44+0200,0,0,ok,
022,e543fafa-f97a-414d-8fb4-91a2f135e48d,1737452504000,1737452804000,2025-01-21 11:41:44+0200,2025-01-21 11:46:44+0200,0,0,ok,
022,e543fafa-f97a-414d-8fb4-91a2f135e48d,1737452804000,1737453104000,2025-01-21 11:46:44+0200,2025-01-21 11:51:44+0200,0,0,ok,
022,e543fafa-f97a-414d-8fb4-91a2f135e48d,1737453104000,1737453404000,2025-01-21 11:51:44+0200,2025-01-21 11:56:44+0200,0,0,ok,
022,e543fafa-f97a-414d-8fb4-91a2f135e48d,1737453404000,1737453704000,2025-01-21 11:56:44+0200,2025-01-21 12:01:44+0200,0,0,ok,
022,e543fafa-f97a-414d-8fb4-91a2f135e48d,1737453704000,1737454004000,2025-01-21 12:01:44+0200,2025-01-21 12:06:44+0200,0,0,ok,
022,e543fafa-f97a-414d-8fb4-91a2f135e48d,1737454004000,1737454304000,2025-01-21 12:06:44+0200,2025-01-21 12:11:44+0200,0,0,initial_anchor_no_rows,Stopped after 12 consecutive empty initial chunks.
003,cc373e47-1b4b-4e15-a7e7-7882510d4949,1736158145000,1736158445000,2025-01-06 12:09:05+0200,2025-01-06 12:14:05+0200,11760,11760,ok,
003,cc373e47-1b4b-4e15-a7e7-7882510d4949,1736158445000,1736158745000,2025-01-06 12:14:05+0200,2025-01-06 12:19:05+0200,16079,27839,ok,
003,cc373e47-1b4b-4e15-a7e7-7882510d4949,1736158745000,1736159045000,2025-01-06 12:19:05+0200,2025-01-06 12:24:05+0200,16074,43913,ok,
003,cc373e47-1b4b-4e15-a7e7-7882510d4949,1736159045000,1736159345000,2025-01-06 12:24:05+0200,2025-01-06 12:29:05+0200,16074,59987,ok,
003,cc373e47-1b4b-4e15-a7e7-7882510d4949,1736159345000,1736159645000,2025-01-06 12:29:05+0200,2025-01-06 12:34:05+0200,16076,76063,ok,
003,cc373e47-1b4b-4e15-a7e7-7882510d4949,1736159645000,1736159945000,2025-01-06 12:34:05+0200,2025-01-06 12:39:05+0200,16079,92142,ok,
003,cc373e47-1b4b-4e15-a7e7-7882510d4949,1736159945000,1736160245000,2025-01-06 12:39:05+0200,2025-01-06 12:44:05+0200,16086,108228,ok,
003,cc373e47-1b4b-4e15-a7e7-7882510d4949,1736160245000,1736160545000,2025-01-06 12:44:05+0200,2025-01-06 12:49:05+0200,7465,115693,ok,
003,cc373e47-1b4b-4e15-a7e7-7882510d4949,1736160545000,1736160845000,2025-01-06 12:49:05+0200,2025-01-06 12:54:05+0200,1629,117322,ok,
003,cc373e47-1b4b-4e15-a7e7-7882510d4949,1736160845000,1736161145000,2025-01-06 12:54:05+0200,2025-01-06 12:59:05+0200,1532,118854,ok,
003,cc373e47-1b4b-4e15-a7e7-7882510d4949,1736161145000,1736161445000,2025-01-06 12:59:05+0200,2025-01-06 13:04:05+0200,1531,120385,ok,
003,cc373e47-1b4b-4e15-a7e7-7882510d4949,1736161445000,1736161745000,2025-01-06 13:04:05+0200,2025-01-06 13:09:05+0200,1532,121917,ok,
003,cc373e47-1b4b-4e15-a7e7-7882510d4949,1736161745000,1736162045000,2025-01-06 13:09:05+0200,2025-01-06 13:14:05+0200,1531,123448,ok,
003,cc373e47-1b4b-4e15-a7e7-7882510d4949,1736162045000,1736162345000,2025-01-06 13:14:05+0200,2025-01-06 13:19:05+0200,1532,124980,ok,
003,cc373e47-1b4b-4e15-a7e7-7882510d4949,1736162345000,1736162645000,2025-01-06 13:19:05+0200,2025-01-06 13:24:05+0200,1531,126511,ok,
003,cc373e47-1b4b-4e15-a7e7-7882510d4949,1736162645000,1736162945000,2025-01-06 13:24:05+0200,2025-01-06 13:29:05+0200,1532,128043,ok,
003,cc373e47-1b4b-4e15-a7e7-7882510d4949,1736162945000,1736163245000,2025-01-06 13:29:05+0200,2025-01-06 13:34:05+0200,1531,129574,ok,
003,cc373e47-1b4b-4e15-a7e7-7882510d4949,1736163245000,1736163545000,2025-01-06 13:34:05+0200,2025-01-06 13:39:05+0200,1532,131106,ok,
003,cc373e47-1b4b-4e15-a7e7-7882510d4949,1736163545000,1736163845000,2025-01-06 13:39:05+0200,2025-01-06 13:44:05+0200,1532,132638,ok,
003,cc373e47-1b4b-4e15-a7e7-7882510d4949,1736163845000,1736164145000,2025-01-06 13:44:05+0200,2025-01-06 13:49:05+0200,1531,134169,ok,
003,cc373e47-1b4b-4e15-a7e7-7882510d4949,1736164145000,1736164445000,2025-01-06 13:49:05+0200,2025-01-06 13:54:05+0200,1723,135892,ok,
003,cc373e47-1b4b-4e15-a7e7-7882510d4949,1736164445000,1736164745000,2025-01-06 13:54:05+0200,2025-01-06 13:59:05+0200,1532,137424,ok,
003,cc373e47-1b4b-4e15-a7e7-7882510d4949,1736164745000,1736165045000,2025-01-06 13:59:05+0200,2025-01-06 14:04:05+0200,1531,138955,ok,
003,cc373e47-1b4b-4e15-a7e7-7882510d4949,1736165045000,1736165345000,2025-01-06 14:04:05+0200,2025-01-06 14:09:05+0200,14227,153182,ok,
003,cc373e47-1b4b-4e15-a7e7-7882510d4949,1736165345000,1736165645000,2025-01-06 14:09:05+0200,2025-01-06 14:14:05+0200,16074,169256,ok,
003,cc373e47-1b4b-4e15-a7e7-7882510d4949,1736165645000,1736165945000,2025-01-06 14:14:05+0200,2025-01-06 14:19:05+0200,16088,185344,ok,
003,cc373e47-1b4b-4e15-a7e7-7882510d4949,1736165945000,1736166245000,2025-01-06 14:19:05+0200,2025-01-06 14:24:05+0200,2726,188070,ok,
003,cc373e47-1b4b-4e15-a7e7-7882510d4949,1736166245000,1736166545000,2025-01-06 14:24:05+0200,2025-01-06 14:29:05+0200,1531,189601,ok,
003,cc373e47-1b4b-4e15-a7e7-7882510d4949,1736166545000,1736166845000,2025-01-06 14:29:05+0200,2025-01-06 14:34:05+0200,2499,192100,ok,
003,cc373e47-1b4b-4e15-a7e7-7882510d4949,1736166845000,1736167145000,2025-01-06 14:34:05+0200,2025-01-06 14:39:05+0200,5789,197889,ok,
003,cc373e47-1b4b-4e15-a7e7-7882510d4949,1736167145000,1736167445000,2025-01-06 14:39:05+0200,2025-01-06 14:44:05+0200,3063,200952,ok,
003,cc373e47-1b4b-4e15-a7e7-7882510d4949,1736167445000,1736167745000,2025-01-06 14:44:05+0200,2025-01-06 14:49:05+0200,4370,205322,ok,
003,cc373e47-1b4b-4e15-a7e7-7882510d4949,1736167745000,1736168045000,2025-01-06 14:49:05+0200,2025-01-06 14:54:05+0200,3274,208596,ok,
003,cc373e47-1b4b-4e15-a7e7-7882510d4949,1736168045000,1736168345000,2025-01-06 14:54:05+0200,2025-01-06 14:59:05+0200,1531,210127,ok,
003,cc373e47-1b4b-4e15-a7e7-7882510d4949,1736168345000,1736168645000,2025-01-06 14:59:05+0200,2025-01-06 15:04:05+0200,1531,211658,ok,
003,cc373e47-1b4b-4e15-a7e7-7882510d4949,1736168645000,1736168945000,2025-01-06 15:04:05+0200,2025-01-06 15:09:05+0200,1532,213190,ok,
003,cc373e47-1b4b-4e15-a7e7-7882510d4949,1736168945000,1736169245000,2025-01-06 15:09:05+0200,2025-01-06 15:14:05+0200,1531,214721,ok,
003,cc373e47-1b4b-4e15-a7e7-7882510d4949,1736169245000,1736169545000,2025-01-06 15:14:05+0200,2025-01-06 15:19:05+0200,1558,216279,ok,
003,cc373e47-1b4b-4e15-a7e7-7882510d4949,1736169545000,1736169845000,2025-01-06 15:19:05+0200,2025-01-06 15:24:05+0200,1531,217810,ok,
003,cc373e47-1b4b-4e15-a7e7-7882510d4949,1736169845000,1736170145000,2025-01-06 15:24:05+0200,2025-01-06 15:29:05+0200,1532,219342,ok,
003,cc373e47-1b4b-4e15-a7e7-7882510d4949,1736170145000,1736170445000,2025-01-06 15:29:05+0200,2025-01-06 15:34:05+0200,1531,220873,ok,
003,cc373e47-1b4b-4e15-a7e7-7882510d4949,1736170445000,1736170745000,2025-01-06 15:34:05+0200,2025-01-06 15:39:05+0200,1607,222480,ok,
003,cc373e47-1b4b-4e15-a7e7-7882510d4949,1736170745000,1736171045000,2025-01-06 15:39:05+0200,2025-01-06 15:44:05+0200,4704,227184,ok,
003,cc373e47-1b4b-4e15-a7e7-7882510d4949,1736171045000,1736171345000,2025-01-06 15:44:05+0200,2025-01-06 15:49:05+0200,6431,233615,ok,
003,cc373e47-1b4b-4e15-a7e7-7882510d4949,1736171345000,1736171645000,2025-01-06 15:49:05+0200,2025-01-06 15:54:05+0200,6324,239939,ok,
003,cc373e47-1b4b-4e15-a7e7-7882510d4949,1736171645000,1736171945000,2025-01-06 15:54:05+0200,2025-01-06 15:59:05+0200,5850,245789,ok,
003,cc373e47-1b4b-4e15-a7e7-7882510d4949,1736171945000,1736172245000,2025-01-06 15:59:05+0200,2025-01-06 16:04:05+0200,3143,248932,ok,
003,cc373e47-1b4b-4e15-a7e7-7882510d4949,1736172245000,1736172545000,2025-01-06 16:04:05+0200,2025-01-06 16:09:05+0200,2789,251721,ok,
003,cc373e47-1b4b-4e15-a7e7-7882510d4949,1736172545000,1736172845000,2025-01-06 16:09:05+0200,2025-01-06 16:14:05+0200,9187,260908,ok,
003,cc373e47-1b4b-4e15-a7e7-7882510d4949,1736172845000,1736173145000,2025-01-06 16:14:05+0200,2025-01-06 16:19:05+0200,16069,276977,ok,
003,cc373e47-1b4b-4e15-a7e7-7882510d4949,1736173145000,1736173445000,2025-01-06 16:19:05+0200,2025-01-06 16:24:05+0200,12713,289690,ok,
003,cc373e47-1b4b-4e15-a7e7-7882510d4949,1736173445000,1736173745000,2025-01-06 16:24:05+0200,2025-01-06 16:29:05+0200,1531,291221,ok,
003,cc373e47-1b4b-4e15-a7e7-7882510d4949,1736173745000,1736174045000,2025-01-06 16:29:05+0200,2025-01-06 16:34:05+0200,1532,292753,ok,
003,cc373e47-1b4b-4e15-a7e7-7882510d4949,1736174045000,1736174345000,2025-01-06 16:34:05+0200,2025-01-06 16:39:05+0200,1531,294284,ok,
003,cc373e47-1b4b-4e15-a7e7-7882510d4949,1736174345000,1736174645000,2025-01-06 16:39:05+0200,2025-01-06 16:44:05+0200,5515,299799,ok,
003,cc373e47-1b4b-4e15-a7e7-7882510d4949,1736174645000,1736174945000,2025-01-06 16:44:05+0200,2025-01-06 16:49:05+0200,16080,315879,ok,
003,cc373e47-1b4b-4e15-a7e7-7882510d4949,1736174945000,1736175245000,2025-01-06 16:49:05+0200,2025-01-06 16:54:05+0200,16068,331947,ok,
003,cc373e47-1b4b-4e15-a7e7-7882510d4949,1736175245000,1736175545000,2025-01-06 16:54:05+0200,2025-01-06 16:59:05+0200,8392,340339,ok,
003,cc373e47-1b4b-4e15-a7e7-7882510d4949,1736175545000,1736175845000,2025-01-06 16:59:05+0200,2025-01-06 17:04:05+0200,1584,341923,ok,
003,cc373e47-1b4b-4e15-a7e7-7882510d4949,1736175845000,1736176145000,2025-01-06 17:04:05+0200,2025-01-06 17:09:05+0200,1532,343455,ok,
003,cc373e47-1b4b-4e15-a7e7-7882510d4949,1736176145000,1736176445000,2025-01-06 17:09:05+0200,2025-01-06 17:14:05+0200,1531,344986,ok,
003,cc373e47-1b4b-4e15-a7e7-7882510d4949,1736176445000,1736176745000,2025-01-06 17:14:05+0200,2025-01-06 17:19:05+0200,1532,346518,ok,
003,cc373e47-1b4b-4e15-a7e7-7882510d4949,1736176745000,1736177045000,2025-01-06 17:19:05+0200,2025-01-06 17:24:05+0200,1531,348049,ok,
003,cc373e47-1b4b-4e15-a7e7-7882510d4949,1736177045000,1736177345000,2025-01-06 17:24:05+0200,2025-01-06 17:29:05+0200,1532,349581,ok,
003,cc373e47-1b4b-4e15-a7e7-7882510d4949,1736177345000,1736177645000,2025-01-06 17:29:05+0200,2025-01-06 17:34:05+0200,1531,351112,ok,
003,cc373e47-1b4b-4e15-a7e7-7882510d4949,1736177645000,1736177945000,2025-01-06 17:34:05+0200,2025-01-06 17:39:05+0200,3117,354229,ok,
003,cc373e47-1b4b-4e15-a7e7-7882510d4949,1736177945000,1736178245000,2025-01-06 17:39:05+0200,2025-01-06 17:44:05+0200,2989,357218,ok,
003,cc373e47-1b4b-4e15-a7e7-7882510d4949,1736178245000,1736178545000,2025-01-06 17:44:05+0200,2025-01-06 17:49:05+0200,2872,360090,ok,
003,cc373e47-1b4b-4e15-a7e7-7882510d4949,1736178545000,1736178845000,2025-01-06 17:49:05+0200,2025-01-06 17:54:05+0200,1923,362013,ok,
003,cc373e47-1b4b-4e15-a7e7-7882510d4949,1736178845000,1736179145000,2025-01-06 17:54:05+0200,2025-01-06 17:59:05+0200,3206,365219,ok,
003,cc373e47-1b4b-4e15-a7e7-7882510d4949,1736179145000,1736179445000,2025-01-06 17:59:05+0200,2025-01-06 18:04:05+0200,3926,369145,ok,
003,cc373e47-1b4b-4e15-a7e7-7882510d4949,1736179445000,1736179745000,2025-01-06 18:04:05+0200,2025-01-06 18:09:05+0200,5210,374355,ok,
003,cc373e47-1b4b-4e15-a7e7-7882510d4949,1736179745000,1736180045000,2025-01-06 18:09:05+0200,2025-01-06 18:14:05+0200,5560,379915,ok,
003,cc373e47-1b4b-4e15-a7e7-7882510d4949,1736180045000,1736180345000,2025-01-06 18:14:05+0200,2025-01-06 18:19:05+0200,3958,383873,ok,
003,cc373e47-1b4b-4e15-a7e7-7882510d4949,1736180345000,1736180645000,2025-01-06 18:19:05+0200,2025-01-06 18:24:05+0200,2151,386024,ok,
003,cc373e47-1b4b-4e15-a7e7-7882510d4949,1736180645000,1736180945000,2025-01-06 18:24:05+0200,2025-01-06 18:29:05+0200,9186,395210,ok,
003,cc373e47-1b4b-4e15-a7e7-7882510d4949,1736180945000,1736181245000,2025-01-06 18:29:05+0200,2025-01-06 18:34:05+0200,9192,404402,ok,
003,cc373e47-1b4b-4e15-a7e7-7882510d4949,1736181245000,1736181545000,2025-01-06 18:34:05+0200,2025-01-06 18:39:05+0200,9186,413588,ok,
003,cc373e47-1b4b-4e15-a7e7-7882510d4949,1736181545000,1736181845000,2025-01-06 18:39:05+0200,2025-01-06 18:44:05+0200,9186,422774,ok,
003,cc373e47-1b4b-4e15-a7e7-7882510d4949,1736181845000,1736182145000,2025-01-06 18:44:05+0200,2025-01-06 18:49:05+0200,9186,431960,ok,
003,cc373e47-1b4b-4e15-a7e7-7882510d4949,1736182145000,1736182445000,2025-01-06 18:49:05+0200,2025-01-06 18:54:05+0200,31950,463910,ok,
003,cc373e47-1b4b-4e15-a7e7-7882510d4949,1736182445000,1736182745000,2025-01-06 18:54:05+0200,2025-01-06 18:59:05+0200,98406,562316,ok,
003,cc373e47-1b4b-4e15-a7e7-7882510d4949,1736182745000,1736183045000,2025-01-06 18:59:05+0200,2025-01-06 19:04:05+0200,96444,658760,ok,
003,cc373e47-1b4b-4e15-a7e7-7882510d4949,1736183045000,1736183345000,2025-01-06 19:04:05+0200,2025-01-06 19:09:05+0200,12978,671738,ok,
003,cc373e47-1b4b-4e15-a7e7-7882510d4949,1736183345000,1736183645000,2025-01-06 19:09:05+0200,2025-01-06 19:14:05+0200,9192,680930,ok,
003,cc373e47-1b4b-4e15-a7e7-7882510d4949,1736183645000,1736183945000,2025-01-06 19:14:05+0200,2025-01-06 19:19:05+0200,9186,690116,ok,
003,cc373e47-1b4b-4e15-a7e7-7882510d4949,1736183945000,1736184245000,2025-01-06 19:19:05+0200,2025-01-06 19:24:05+0200,9192,699308,ok,
003,cc373e47-1b4b-4e15-a7e7-7882510d4949,1736184245000,1736184545000,2025-01-06 19:24:05+0200,2025-01-06 19:29:05+0200,9186,708494,ok,
003,cc373e47-1b4b-4e15-a7e7-7882510d4949,1736184545000,1736184845000,2025-01-06 19:29:05+0200,2025-01-06 19:34:05+0200,9192,717686,ok,
003,cc373e47-1b4b-4e15-a7e7-7882510d4949,1736184845000,1736185145000,2025-01-06 19:34:05+0200,2025-01-06 19:39:05+0200,9186,726872,ok,
003,cc373e47-1b4b-4e15-a7e7-7882510d4949,1736185145000,1736185445000,2025-01-06 19:39:05+0200,2025-01-06 19:44:05+0200,9192,736064,ok,
003,cc373e47-1b4b-4e15-a7e7-7882510d4949,1736185445000,1736185745000,2025-01-06 19:44:05+0200,2025-01-06 19:49:05+0200,9192,745256,ok,
003,cc373e47-1b4b-4e15-a7e7-7882510d4949,1736185745000,1736186045000,2025-01-06 19:49:05+0200,2025-01-06 19:54:05+0200,9186,754442,ok,
003,cc373e47-1b4b-4e15-a7e7-7882510d4949,1736186045000,1736186345000,2025-01-06 19:54:05+0200,2025-01-06 19:59:05+0200,9192,763634,ok,
003,cc373e47-1b4b-4e15-a7e7-7882510d4949,1736186345000,1736186645000,2025-01-06 19:59:05+0200,2025-01-06 20:04:05+0200,9186,772820,ok,
003,cc373e47-1b4b-4e15-a7e7-7882510d4949,1736186645000,1736186945000,2025-01-06 20:04:05+0200,2025-01-06 20:09:05+0200,12654,785474,ok,
003,cc373e47-1b4b-4e15-a7e7-7882510d4949,1736186945000,1736187245000,2025-01-06 20:09:05+0200,2025-01-06 20:14:05+0200,9192,794666,ok,
003,cc373e47-1b4b-4e15-a7e7-7882510d4949,1736187245000,1736187545000,2025-01-06 20:14:05+0200,2025-01-06 20:19:05+0200,9192,803858,ok,
003,cc373e47-1b4b-4e15-a7e7-7882510d4949,1736187545000,1736187845000,2025-01-06 20:19:05+0200,2025-01-06 20:24:05+0200,9186,813044,ok,
003,cc373e47-1b4b-4e15-a7e7-7882510d4949,1736187845000,1736188145000,2025-01-06 20:24:05+0200,2025-01-06 20:29:05+0200,9192,822236,ok,
003,cc373e47-1b4b-4e15-a7e7-7882510d4949,1736188145000,1736188445000,2025-01-06 20:29:05+0200,2025-01-06 20:34:05+0200,9186,831422,ok,
003,cc373e47-1b4b-4e15-a7e7-7882510d4949,1736188445000,1736188745000,2025-01-06 20:34:05+0200,2025-01-06 20:39:05+0200,9192,840614,ok,
003,cc373e47-1b4b-4e15-a7e7-7882510d4949,1736188745000,1736189045000,2025-01-06 20:39:05+0200,2025-01-06 20:44:05+0200,9192,849806,ok,
003,cc373e47-1b4b-4e15-a7e7-7882510d4949,1736189045000,1736189345000,2025-01-06 20:44:05+0200,2025-01-06 20:49:05+0200,10284,860090,ok,
003,cc373e47-1b4b-4e15-a7e7-7882510d4949,1736189345000,1736189645000,2025-01-06 20:49:05+0200,2025-01-06 20:54:05+0200,9186,869276,ok,
003,cc373e47-1b4b-4e15-a7e7-7882510d4949,1736189645000,1736189945000,2025-01-06 20:54:05+0200,2025-01-06 20:59:05+0200,9192,878468,ok,
003,cc373e47-1b4b-4e15-a7e7-7882510d4949,1736189945000,1736190245000,2025-01-06 20:59:05+0200,2025-01-06 21:04:05+0200,9186,887654,ok,
003,cc373e47-1b4b-4e15-a7e7-7882510d4949,1736190245000,1736190545000,2025-01-06 21:04:05+0200,2025-01-06 21:09:05+0200,41718,929372,ok,
003,cc373e47-1b4b-4e15-a7e7-7882510d4949,1736190545000,1736190845000,2025-01-06 21:09:05+0200,2025-01-06 21:14:05+0200,96480,1025852,ok,
003,cc373e47-1b4b-4e15-a7e7-7882510d4949,1736190845000,1736191145000,2025-01-06 21:14:05+0200,2025-01-06 21:19:05+0200,77430,1103282,ok,
003,cc373e47-1b4b-4e15-a7e7-7882510d4949,1736191145000,1736191445000,2025-01-06 21:19:05+0200,2025-01-06 21:24:05+0200,31614,1134896,ok,
003,cc373e47-1b4b-4e15-a7e7-7882510d4949,1736191445000,1736191745000,2025-01-06 21:24:05+0200,2025-01-06 21:29:05+0200,18288,1153184,ok,
003,cc373e47-1b4b-4e15-a7e7-7882510d4949,1736191745000,1736192045000,2025-01-06 21:29:05+0200,2025-01-06 21:34:05+0200,9186,1162370,ok,
003,cc373e47-1b4b-4e15-a7e7-7882510d4949,1736192045000,1736192345000,2025-01-06 21:34:05+0200,2025-01-06 21:39:05+0200,9186,1171556,ok,
003,cc373e47-1b4b-4e15-a7e7-7882510d4949,1736192345000,1736192645000,2025-01-06 21:39:05+0200,2025-01-06 21:44:05+0200,9192,1180748,ok,
003,cc373e47-1b4b-4e15-a7e7-7882510d4949,1736192645000,1736192945000,2025-01-06 21:44:05+0200,2025-01-06 21:49:05+0200,9186,1189934,ok,
003,cc373e47-1b4b-4e15-a7e7-7882510d4949,1736192945000,1736193245000,2025-01-06 21:49:05+0200,2025-01-06 21:54:05+0200,9192,1199126,ok,
003,cc373e47-1b4b-4e15-a7e7-7882510d4949,1736193245000,1736193545000,2025-01-06 21:54:05+0200,2025-01-06 21:59:05+0200,9276,1208402,ok,
003,cc373e47-1b4b-4e15-a7e7-7882510d4949,1736193545000,1736193845000,2025-01-06 21:59:05+0200,2025-01-06 22:04:05+0200,80076,1288478,ok,
003,cc373e47-1b4b-4e15-a7e7-7882510d4949,1736193845000,1736194145000,2025-01-06 22:04:05+0200,2025-01-06 22:09:05+0200,106065,1394543,ok,
003,cc373e47-1b4b-4e15-a7e7-7882510d4949,1736194145000,1736194445000,2025-01-06 22:09:05+0200,2025-01-06 22:14:05+0200,112560,1507103,ok,
003,cc373e47-1b4b-4e15-a7e7-7882510d4949,1736194445000,1736194745000,2025-01-06 22:14:05+0200,2025-01-06 22:19:05+0200,39389,1546492,ok,
003,cc373e47-1b4b-4e15-a7e7-7882510d4949,1736194745000,1736195045000,2025-01-06 22:19:05+0200,2025-01-06 22:24:05+0200,10717,1557209,ok,
003,cc373e47-1b4b-4e15-a7e7-7882510d4949,1736195045000,1736195345000,2025-01-06 22:24:05+0200,2025-01-06 22:29:05+0200,10724,1567933,ok,
003,cc373e47-1b4b-4e15-a7e7-7882510d4949,1736195345000,1736195645000,2025-01-06 22:29:05+0200,2025-01-06 22:34:05+0200,15155,1583088,ok,
003,cc373e47-1b4b-4e15-a7e7-7882510d4949,1736195645000,1736195945000,2025-01-06 22:34:05+0200,2025-01-06 22:39:05+0200,75040,1658128,ok,
003,cc373e47-1b4b-4e15-a7e7-7882510d4949,1736195945000,1736196245000,2025-01-06 22:39:05+0200,2025-01-06 22:44:05+0200,82532,1740660,ok,
003,cc373e47-1b4b-4e15-a7e7-7882510d4949,1736196245000,1736196545000,2025-01-06 22:44:05+0200,2025-01-06 22:49:05+0200,85760,1826420,ok,
003,cc373e47-1b4b-4e15-a7e7-7882510d4949,1736196545000,1736196845000,2025-01-06 22:49:05+0200,2025-01-06 22:54:05+0200,85752,1912172,ok,
003,cc373e47-1b4b-4e15-a7e7-7882510d4949,1736196845000,1736197145000,2025-01-06 22:54:05+0200,2025-01-06 22:59:05+0200,16400,1928572,ok,
003,cc373e47-1b4b-4e15-a7e7-7882510d4949,1736197145000,1736197445000,2025-01-06 22:59:05+0200,2025-01-06 23:04:05+0200,12256,1940828,ok,
003,cc373e47-1b4b-4e15-a7e7-7882510d4949,1736197445000,1736197745000,2025-01-06 23:04:05+0200,2025-01-06 23:09:05+0200,28432,1969260,ok,
003,cc373e47-1b4b-4e15-a7e7-7882510d4949,1736197745000,1736198045000,2025-01-06 23:09:05+0200,2025-01-06 23:14:05+0200,51440,2020700,ok,
003,cc373e47-1b4b-4e15-a7e7-7882510d4949,1736198045000,1736198345000,2025-01-06 23:14:05+0200,2025-01-06 23:19:05+0200,51408,2072108,ok,
003,cc373e47-1b4b-4e15-a7e7-7882510d4949,1736198345000,1736198645000,2025-01-06 23:19:05+0200,2025-01-06 23:24:05+0200,51416,2123524,ok,
003,cc373e47-1b4b-4e15-a7e7-7882510d4949,1736198645000,1736198945000,2025-01-06 23:24:05+0200,2025-01-06 23:29:05+0200,51400,2174924,ok,
003,cc373e47-1b4b-4e15-a7e7-7882510d4949,1736198945000,1736199245000,2025-01-06 23:29:05+0200,2025-01-06 23:34:05+0200,50792,2225716,ok,
003,cc373e47-1b4b-4e15-a7e7-7882510d4949,1736199245000,1736199545000,2025-01-06 23:34:05+0200,2025-01-06 23:39:05+0200,16128,2241844,ok,
003,cc373e47-1b4b-4e15-a7e7-7882510d4949,1736199545000,1736199845000,2025-01-06 23:39:05+0200,2025-01-06 23:44:05+0200,12248,2254092,ok,
003,cc373e47-1b4b-4e15-a7e7-7882510d4949,1736199845000,1736200145000,2025-01-06 23:44:05+0200,2025-01-06 23:49:05+0200,12256,2266348,ok,
003,cc373e47-1b4b-4e15-a7e7-7882510d4949,1736200145000,1736200445000,2025-01-06 23:49:05+0200,2025-01-06 23:54:05+0200,12248,2278596,ok,
003,cc373e47-1b4b-4e15-a7e7-7882510d4949,1736200445000,1736200745000,2025-01-06 23:54:05+0200,2025-01-06 23:59:05+0200,12256,2290852,ok,
003,cc373e47-1b4b-4e15-a7e7-7882510d4949,1736200745000,1736201045000,2025-01-06 23:59:05+0200,2025-01-07 00:04:05+0200,12248,2303100,ok,
003,cc373e47-1b4b-4e15-a7e7-7882510d4949,1736201045000,1736201345000,2025-01-07 00:04:05+0200,2025-01-07 00:09:05+0200,12256,2315356,ok,
003,cc373e47-1b4b-4e15-a7e7-7882510d4949,1736201345000,1736201645000,2025-01-07 00:09:05+0200,2025-01-07 00:14:05+0200,12248,2327604,ok,
003,cc373e47-1b4b-4e15-a7e7-7882510d4949,1736201645000,1736201945000,2025-01-07 00:14:05+0200,2025-01-07 00:19:05+0200,12256,2339860,ok,
003,cc373e47-1b4b-4e15-a7e7-7882510d4949,1736201945000,1736202245000,2025-01-07 00:19:05+0200,2025-01-07 00:24:05+0200,12240,2352100,ok,
003,cc373e47-1b4b-4e15-a7e7-7882510d4949,1736202245000,1736202545000,2025-01-07 00:24:05+0200,2025-01-07 00:29:05+0200,12256,2364356,ok,
003,cc373e47-1b4b-4e15-a7e7-7882510d4949,1736202545000,1736202845000,2025-01-07 00:29:05+0200,2025-01-07 00:34:05+0200,12248,2376604,ok,
003,cc373e47-1b4b-4e15-a7e7-7882510d4949,1736202845000,1736203145000,2025-01-07 00:34:05+0200,2025-01-07 00:39:05+0200,13056,2389660,ok,
003,cc373e47-1b4b-4e15-a7e7-7882510d4949,1736203145000,1736203445000,2025-01-07 00:39:05+0200,2025-01-07 00:44:05+0200,12256,2401916,ok,
003,cc373e47-1b4b-4e15-a7e7-7882510d4949,1736203445000,1736203745000,2025-01-07 00:44:05+0200,2025-01-07 00:49:05+0200,12256,2414172,ok,
003,cc373e47-1b4b-4e15-a7e7-7882510d4949,1736203745000,1736204045000,2025-01-07 00:49:05+0200,2025-01-07 00:54:05+0200,12248,2426420,ok,
003,cc373e47-1b4b-4e15-a7e7-7882510d4949,1736204045000,1736204345000,2025-01-07 00:54:05+0200,2025-01-07 00:59:05+0200,12256,2438676,ok,
003,cc373e47-1b4b-4e15-a7e7-7882510d4949,1736204345000,1736204645000,2025-01-07 00:59:05+0200,2025-01-07 01:04:05+0200,12248,2450924,ok,
003,cc373e47-1b4b-4e15-a7e7-7882510d4949,1736204645000,1736204945000,2025-01-07 01:04:05+0200,2025-01-07 01:09:05+0200,12556,2463480,ok,
003,cc373e47-1b4b-4e15-a7e7-7882510d4949,1736204945000,1736205245000,2025-01-07 01:09:05+0200,2025-01-07 01:14:05+0200,13779,2477259,ok,
003,cc373e47-1b4b-4e15-a7e7-7882510d4949,1736205245000,1736205545000,2025-01-07 01:14:05+0200,2025-01-07 01:19:05+0200,13788,2491047,ok,
003,cc373e47-1b4b-4e15-a7e7-7882510d4949,1736205545000,1736205845000,2025-01-07 01:19:05+0200,2025-01-07 01:24:05+0200,13779,2504826,ok,
003,cc373e47-1b4b-4e15-a7e7-7882510d4949,1736205845000,1736206145000,2025-01-07 01:24:05+0200,2025-01-07 01:29:05+0200,13788,2518614,ok,
003,cc373e47-1b4b-4e15-a7e7-7882510d4949,1736206145000,1736206445000,2025-01-07 01:29:05+0200,2025-01-07 01:34:05+0200,13779,2532393,ok,
003,cc373e47-1b4b-4e15-a7e7-7882510d4949,1736206445000,1736206745000,2025-01-07 01:34:05+0200,2025-01-07 01:39:05+0200,18972,2551365,ok,
003,cc373e47-1b4b-4e15-a7e7-7882510d4949,1736206745000,1736207045000,2025-01-07 01:39:05+0200,2025-01-07 01:44:05+0200,13788,2565153,ok,
003,cc373e47-1b4b-4e15-a7e7-7882510d4949,1736207045000,1736207345000,2025-01-07 01:44:05+0200,2025-01-07 01:49:05+0200,13779,2578932,ok,
003,cc373e47-1b4b-4e15-a7e7-7882510d4949,1736207345000,1736207645000,2025-01-07 01:49:05+0200,2025-01-07 01:54:05+0200,13788,2592720,ok,
003,cc373e47-1b4b-4e15-a7e7-7882510d4949,1736207645000,1736207945000,2025-01-07 01:54:05+0200,2025-01-07 01:59:05+0200,13779,2606499,ok,
003,cc373e47-1b4b-4e15-a7e7-7882510d4949,1736207945000,1736208245000,2025-01-07 01:59:05+0200,2025-01-07 02:04:05+0200,13788,2620287,ok,
003,cc373e47-1b4b-4e15-a7e7-7882510d4949,1736208245000,1736208545000,2025-01-07 02:04:05+0200,2025-01-07 02:09:05+0200,13779,2634066,ok,
003,cc373e47-1b4b-4e15-a7e7-7882510d4949,1736208545000,1736208845000,2025-01-07 02:09:05+0200,2025-01-07 02:14:05+0200,13788,2647854,ok,
003,cc373e47-1b4b-4e15-a7e7-7882510d4949,1736208845000,1736209145000,2025-01-07 02:14:05+0200,2025-01-07 02:19:05+0200,13788,2661642,ok,
003,cc373e47-1b4b-4e15-a7e7-7882510d4949,1736209145000,1736209445000,2025-01-07 02:19:05+0200,2025-01-07 02:24:05+0200,13779,2675421,ok,
003,cc373e47-1b4b-4e15-a7e7-7882510d4949,1736209445000,1736209745000,2025-01-07 02:24:05+0200,2025-01-07 02:29:05+0200,13788,2689209,ok,
003,cc373e47-1b4b-4e15-a7e7-7882510d4949,1736209745000,1736210045000,2025-01-07 02:29:05+0200,2025-01-07 02:34:05+0200,13779,2702988,ok,
003,cc373e47-1b4b-4e15-a7e7-7882510d4949,1736210045000,1736210345000,2025-01-07 02:34:05+0200,2025-01-07 02:39:05+0200,13788,2716776,ok,
003,cc373e47-1b4b-4e15-a7e7-7882510d4949,1736210345000,1736210645000,2025-01-07 02:39:05+0200,2025-01-07 02:44:05+0200,13779,2730555,ok,
003,cc373e47-1b4b-4e15-a7e7-7882510d4949,1736210645000,1736210945000,2025-01-07 02:44:05+0200,2025-01-07 02:49:05+0200,13788,2744343,ok,
003,cc373e47-1b4b-4e15-a7e7-7882510d4949,1736210945000,1736211245000,2025-01-07 02:49:05+0200,2025-01-07 02:54:05+0200,13788,2758131,ok,
003,cc373e47-1b4b-4e15-a7e7-7882510d4949,1736211245000,1736211545000,2025-01-07 02:54:05+0200,2025-01-07 02:59:05+0200,13779,2771910,ok,
003,cc373e47-1b4b-4e15-a7e7-7882510d4949,1736211545000,1736211845000,2025-01-07 02:59:05+0200,2025-01-07 03:04:05+0200,13788,2785698,ok,
003,cc373e47-1b4b-4e15-a7e7-7882510d4949,1736211845000,1736212145000,2025-01-07 03:04:05+0200,2025-01-07 03:09:05+0200,13779,2799477,ok,
003,cc373e47-1b4b-4e15-a7e7-7882510d4949,1736212145000,1736212445000,2025-01-07 03:09:05+0200,2025-01-07 03:14:05+0200,13788,2813265,ok,
003,cc373e47-1b4b-4e15-a7e7-7882510d4949,1736212445000,1736212745000,2025-01-07 03:14:05+0200,2025-01-07 03:19:05+0200,13779,2827044,ok,
003,cc373e47-1b4b-4e15-a7e7-7882510d4949,1736212745000,1736213045000,2025-01-07 03:19:05+0200,2025-01-07 03:24:05+0200,13788,2840832,ok,
003,cc373e47-1b4b-4e15-a7e7-7882510d4949,1736213045000,1736213345000,2025-01-07 03:24:05+0200,2025-01-07 03:29:05+0200,13788,2854620,ok,
003,cc373e47-1b4b-4e15-a7e7-7882510d4949,1736213345000,1736213645000,2025-01-07 03:29:05+0200,2025-01-07 03:34:05+0200,13779,2868399,ok,
003,cc373e47-1b4b-4e15-a7e7-7882510d4949,1736213645000,1736213945000,2025-01-07 03:34:05+0200,2025-01-07 03:39:05+0200,18963,2887362,ok,
003,cc373e47-1b4b-4e15-a7e7-7882510d4949,1736213945000,1736214245000,2025-01-07 03:39:05+0200,2025-01-07 03:44:05+0200,13788,2901150,ok,
003,cc373e47-1b4b-4e15-a7e7-7882510d4949,1736214245000,1736214545000,2025-01-07 03:44:05+0200,2025-01-07 03:49:05+0200,13779,2914929,ok,
003,cc373e47-1b4b-4e15-a7e7-7882510d4949,1736214545000,1736214845000,2025-01-07 03:49:05+0200,2025-01-07 03:54:05+0200,13788,2928717,ok,
003,cc373e47-1b4b-4e15-a7e7-7882510d4949,1736214845000,1736215145000,2025-01-07 03:54:05+0200,2025-01-07 03:59:05+0200,13788,2942505,ok,
003,cc373e47-1b4b-4e15-a7e7-7882510d4949,1736215145000,1736215445000,2025-01-07 03:59:05+0200,2025-01-07 04:04:05+0200,13779,2956284,ok,
003,cc373e47-1b4b-4e15-a7e7-7882510d4949,1736215445000,1736215745000,2025-01-07 04:04:05+0200,2025-01-07 04:09:05+0200,13788,2970072,ok,
003,cc373e47-1b4b-4e15-a7e7-7882510d4949,1736215745000,1736216045000,2025-01-07 04:09:05+0200,2025-01-07 04:14:05+0200,32067,3002139,ok,
003,cc373e47-1b4b-4e15-a7e7-7882510d4949,1736216045000,1736216345000,2025-01-07 04:14:05+0200,2025-01-07 04:19:05+0200,28944,3031083,ok,
003,cc373e47-1b4b-4e15-a7e7-7882510d4949,1736216345000,1736216645000,2025-01-07 04:19:05+0200,2025-01-07 04:24:05+0200,28944,3060027,ok,
003,cc373e47-1b4b-4e15-a7e7-7882510d4949,1736216645000,1736216945000,2025-01-07 04:24:05+0200,2025-01-07 04:29:05+0200,28944,3088971,ok,
003,cc373e47-1b4b-4e15-a7e7-7882510d4949,1736216945000,1736217245000,2025-01-07 04:29:05+0200,2025-01-07 04:34:05+0200,29459,3118430,ok,
003,cc373e47-1b4b-4e15-a7e7-7882510d4949,1736217245000,1736217545000,2025-01-07 04:34:05+0200,2025-01-07 04:39:05+0200,32160,3150590,ok,
003,cc373e47-1b4b-4e15-a7e7-7882510d4949,1736217545000,1736217845000,2025-01-07 04:39:05+0200,2025-01-07 04:44:05+0200,32150,3182740,ok,
003,cc373e47-1b4b-4e15-a7e7-7882510d4949,1736217845000,1736218145000,2025-01-07 04:44:05+0200,2025-01-07 04:49:05+0200,32150,3214890,ok,
003,cc373e47-1b4b-4e15-a7e7-7882510d4949,1736218145000,1736218445000,2025-01-07 04:49:05+0200,2025-01-07 04:54:05+0200,32160,3247050,ok,
003,cc373e47-1b4b-4e15-a7e7-7882510d4949,1736218445000,1736218745000,2025-01-07 04:54:05+0200,2025-01-07 04:59:05+0200,32160,3279210,ok,
003,cc373e47-1b4b-4e15-a7e7-7882510d4949,1736218745000,1736219045000,2025-01-07 04:59:05+0200,2025-01-07 05:04:05+0200,32150,3311360,ok,
003,cc373e47-1b4b-4e15-a7e7-7882510d4949,1736219045000,1736219345000,2025-01-07 05:04:05+0200,2025-01-07 05:09:05+0200,32160,3343520,ok,
003,cc373e47-1b4b-4e15-a7e7-7882510d4949,1736219345000,1736219645000,2025-01-07 05:09:05+0200,2025-01-07 05:14:05+0200,32150,3375670,ok,
003,cc373e47-1b4b-4e15-a7e7-7882510d4949,1736219645000,1736219945000,2025-01-07 05:14:05+0200,2025-01-07 05:19:05+0200,32160,3407830,ok,
003,cc373e47-1b4b-4e15-a7e7-7882510d4949,1736219945000,1736220245000,2025-01-07 05:19:05+0200,2025-01-07 05:24:05+0200,32150,3439980,ok,
003,cc373e47-1b4b-4e15-a7e7-7882510d4949,1736220245000,1736220545000,2025-01-07 05:24:05+0200,2025-01-07 05:29:05+0200,32160,3472140,ok,
003,cc373e47-1b4b-4e15-a7e7-7882510d4949,1736220545000,1736220845000,2025-01-07 05:29:05+0200,2025-01-07 05:34:05+0200,32160,3504300,ok,
003,cc373e47-1b4b-4e15-a7e7-7882510d4949,1736220845000,1736221145000,2025-01-07 05:34:05+0200,2025-01-07 05:39:05+0200,32150,3536450,ok,
003,cc373e47-1b4b-4e15-a7e7-7882510d4949,1736221145000,1736221445000,2025-01-07 05:39:05+0200,2025-01-07 05:44:05+0200,32160,3568610,ok,
003,cc373e47-1b4b-4e15-a7e7-7882510d4949,1736221445000,1736221745000,2025-01-07 05:44:05+0200,2025-01-07 05:49:05+0200,32150,3600760,ok,
003,cc373e47-1b4b-4e15-a7e7-7882510d4949,1736221745000,1736222045000,2025-01-07 05:49:05+0200,2025-01-07 05:54:05+0200,32160,3632920,ok,
003,cc373e47-1b4b-4e15-a7e7-7882510d4949,1736222045000,1736222345000,2025-01-07 05:54:05+0200,2025-01-07 05:59:05+0200,32150,3665070,ok,
003,cc373e47-1b4b-4e15-a7e7-7882510d4949,1736222345000,1736222645000,2025-01-07 05:59:05+0200,2025-01-07 06:04:05+0200,32160,3697230,ok,
003,cc373e47-1b4b-4e15-a7e7-7882510d4949,1736222645000,1736222945000,2025-01-07 06:04:05+0200,2025-01-07 06:09:05+0200,32160,3729390,ok,
003,cc373e47-1b4b-4e15-a7e7-7882510d4949,1736222945000,1736223245000,2025-01-07 06:09:05+0200,2025-01-07 06:14:05+0200,32150,3761540,ok,
003,cc373e47-1b4b-4e15-a7e7-7882510d4949,1736223245000,1736223545000,2025-01-07 06:14:05+0200,2025-01-07 06:19:05+0200,32160,3793700,ok,
003,cc373e47-1b4b-4e15-a7e7-7882510d4949,1736223545000,1736223845000,2025-01-07 06:19:05+0200,2025-01-07 06:24:05+0200,32150,3825850,ok,
003,cc373e47-1b4b-4e15-a7e7-7882510d4949,1736223845000,1736224145000,2025-01-07 06:24:05+0200,2025-01-07 06:29:05+0200,33100,3858950,ok,
003,cc373e47-1b4b-4e15-a7e7-7882510d4949,1736224145000,1736224445000,2025-01-07 06:29:05+0200,2025-01-07 06:34:05+0200,35409,3894359,ok,
003,cc373e47-1b4b-4e15-a7e7-7882510d4949,1736224445000,1736224745000,2025-01-07 06:34:05+0200,2025-01-07 06:39:05+0200,31416,3925775,ok,
003,cc373e47-1b4b-4e15-a7e7-7882510d4949,1736224745000,1736225045000,2025-01-07 06:39:05+0200,2025-01-07 06:44:05+0200,16841,3942616,ok,
003,cc373e47-1b4b-4e15-a7e7-7882510d4949,1736225045000,1736225345000,2025-01-07 06:44:05+0200,2025-01-07 06:49:05+0200,16841,3959457,ok,
003,cc373e47-1b4b-4e15-a7e7-7882510d4949,1736225345000,1736225645000,2025-01-07 06:49:05+0200,2025-01-07 06:54:05+0200,16852,3976309,ok,
003,cc373e47-1b4b-4e15-a7e7-7882510d4949,1736225645000,1736225945000,2025-01-07 06:54:05+0200,2025-01-07 06:59:05+0200,16841,3993150,ok,
003,cc373e47-1b4b-4e15-a7e7-7882510d4949,1736225945000,1736226245000,2025-01-07 06:59:05+0200,2025-01-07 07:04:05+0200,16841,4009991,ok,
003,cc373e47-1b4b-4e15-a7e7-7882510d4949,1736226245000,1736226545000,2025-01-07 07:04:05+0200,2025-01-07 07:09:05+0200,16852,4026843,ok,
003,cc373e47-1b4b-4e15-a7e7-7882510d4949,1736226545000,1736226845000,2025-01-07 07:09:05+0200,2025-01-07 07:14:05+0200,17435,4044278,ok,
003,cc373e47-1b4b-4e15-a7e7-7882510d4949,1736226845000,1736227145000,2025-01-07 07:14:05+0200,2025-01-07 07:19:05+0200,16841,4061119,ok,
003,cc373e47-1b4b-4e15-a7e7-7882510d4949,1736227145000,1736227445000,2025-01-07 07:19:05+0200,2025-01-07 07:24:05+0200,16852,4077971,ok,
003,cc373e47-1b4b-4e15-a7e7-7882510d4949,1736227445000,1736227745000,2025-01-07 07:24:05+0200,2025-01-07 07:29:05+0200,17665,4095636,ok,
003,cc373e47-1b4b-4e15-a7e7-7882510d4949,1736227745000,1736228045000,2025-01-07 07:29:05+0200,2025-01-07 07:34:05+0200,19916,4115552,ok,
003,cc373e47-1b4b-4e15-a7e7-7882510d4949,1736228045000,1736228345000,2025-01-07 07:34:05+0200,2025-01-07 07:39:05+0200,20228,4135780,ok,
003,cc373e47-1b4b-4e15-a7e7-7882510d4949,1736228345000,1736228645000,2025-01-07 07:39:05+0200,2025-01-07 07:44:05+0200,19903,4155683,ok,
003,cc373e47-1b4b-4e15-a7e7-7882510d4949,1736228645000,1736228945000,2025-01-07 07:44:05+0200,2025-01-07 07:49:05+0200,33631,4189314,ok,
003,cc373e47-1b4b-4e15-a7e7-7882510d4949,1736228945000,1736229245000,2025-01-07 07:49:05+0200,2025-01-07 07:54:05+0200,83603,4272917,ok,
003,cc373e47-1b4b-4e15-a7e7-7882510d4949,1736229245000,1736229545000,2025-01-07 07:54:05+0200,2025-01-07 07:59:05+0200,83590,4356507,ok,
003,cc373e47-1b4b-4e15-a7e7-7882510d4949,1736229545000,1736229845000,2025-01-07 07:59:05+0200,2025-01-07 08:04:05+0200,22061,4378568,ok,
003,cc373e47-1b4b-4e15-a7e7-7882510d4949,1736229845000,1736230145000,2025-01-07 08:04:05+0200,2025-01-07 08:09:05+0200,19916,4398484,ok,
003,cc373e47-1b4b-4e15-a7e7-7882510d4949,1736230145000,1736230445000,2025-01-07 08:09:05+0200,2025-01-07 08:14:05+0200,81861,4480345,ok,
003,cc373e47-1b4b-4e15-a7e7-7882510d4949,1736230445000,1736230745000,2025-01-07 08:14:05+0200,2025-01-07 08:19:05+0200,209053,4689398,ok,
003,cc373e47-1b4b-4e15-a7e7-7882510d4949,1736230745000,1736231045000,2025-01-07 08:19:05+0200,2025-01-07 08:24:05+0200,209001,4898399,ok,
003,cc373e47-1b4b-4e15-a7e7-7882510d4949,1736231045000,1736231345000,2025-01-07 08:24:05+0200,2025-01-07 08:29:05+0200,214961,5113360,ok,
003,cc373e47-1b4b-4e15-a7e7-7882510d4949,1736231345000,1736231645000,2025-01-07 08:29:05+0200,2025-01-07 08:34:05+0200,225470,5338830,ok,
003,cc373e47-1b4b-4e15-a7e7-7882510d4949,1736231645000,1736231945000,2025-01-07 08:34:05+0200,2025-01-07 08:39:05+0200,225050,5563880,ok,
003,cc373e47-1b4b-4e15-a7e7-7882510d4949,1736231945000,1736232245000,2025-01-07 08:39:05+0200,2025-01-07 08:44:05+0200,45780,5609660,ok,
003,cc373e47-1b4b-4e15-a7e7-7882510d4949,1736232245000,1736232545000,2025-01-07 08:44:05+0200,2025-01-07 08:49:05+0200,21448,5631108,ok,
003,cc373e47-1b4b-4e15-a7e7-7882510d4949,1736232545000,1736232845000,2025-01-07 08:49:05+0200,2025-01-07 08:54:05+0200,21434,5652542,ok,
003,cc373e47-1b4b-4e15-a7e7-7882510d4949,1736232845000,1736233145000,2025-01-07 08:54:05+0200,2025-01-07 08:59:05+0200,21448,5673990,ok,
003,cc373e47-1b4b-4e15-a7e7-7882510d4949,1736233145000,1736233445000,2025-01-07 08:59:05+0200,2025-01-07 09:04:05+0200,20370,5694360,ok,
003,cc373e47-1b4b-4e15-a7e7-7882510d4949,1736233445000,1736233745000,2025-01-07 09:04:05+0200,2025-01-07 09:09:05+0200,23200,5717560,ok,
003,cc373e47-1b4b-4e15-a7e7-7882510d4949,1736233745000,1736234045000,2025-01-07 09:09:05+0200,2025-01-07 09:14:05+0200,22965,5740525,ok,
003,cc373e47-1b4b-4e15-a7e7-7882510d4949,1736234045000,1736234345000,2025-01-07 09:14:05+0200,2025-01-07 09:19:05+0200,22980,5763505,ok,
003,cc373e47-1b4b-4e15-a7e7-7882510d4949,1736234345000,1736234645000,2025-01-07 09:19:05+0200,2025-01-07 09:24:05+0200,22980,5786485,ok,
003,cc373e47-1b4b-4e15-a7e7-7882510d4949,1736234645000,1736234945000,2025-01-07 09:24:05+0200,2025-01-07 09:29:05+0200,22965,5809450,ok,
003,cc373e47-1b4b-4e15-a7e7-7882510d4949,1736234945000,1736235245000,2025-01-07 09:29:05+0200,2025-01-07 09:34:05+0200,22980,5832430,ok,
003,cc373e47-1b4b-4e15-a7e7-7882510d4949,1736235245000,1736235545000,2025-01-07 09:34:05+0200,2025-01-07 09:39:05+0200,130650,5963080,ok,
003,cc373e47-1b4b-4e15-a7e7-7882510d4949,1736235545000,1736235845000,2025-01-07 09:39:05+0200,2025-01-07 09:44:05+0200,228240,6191320,ok,
003,cc373e47-1b4b-4e15-a7e7-7882510d4949,1736235845000,1736236145000,2025-01-07 09:44:05+0200,2025-01-07 09:49:05+0200,249844,6441164,ok,
003,cc373e47-1b4b-4e15-a7e7-7882510d4949,1736236145000,1736236445000,2025-01-07 09:49:05+0200,2025-01-07 09:54:05+0200,262464,6703628,ok,
003,cc373e47-1b4b-4e15-a7e7-7882510d4949,1736236445000,1736236745000,2025-01-07 09:54:05+0200,2025-01-07 09:59:05+0200,257264,6960892,ok,
003,cc373e47-1b4b-4e15-a7e7-7882510d4949,1736236745000,1736237045000,2025-01-07 09:59:05+0200,2025-01-07 10:04:05+0200,170665,7131557,ok,
003,cc373e47-1b4b-4e15-a7e7-7882510d4949,1736237045000,1736237345000,2025-01-07 10:04:05+0200,2025-01-07 10:09:05+0200,109327,7240884,ok,
003,cc373e47-1b4b-4e15-a7e7-7882510d4949,1736237345000,1736237645000,2025-01-07 10:09:05+0200,2025-01-07 10:14:05+0200,103989,7344873,ok,
003,cc373e47-1b4b-4e15-a7e7-7882510d4949,1736237645000,1736237945000,2025-01-07 10:14:05+0200,2025-01-07 10:19:05+0200,118252,7463125,ok,
003,cc373e47-1b4b-4e15-a7e7-7882510d4949,1736237945000,1736238245000,2025-01-07 10:19:05+0200,2025-01-07 10:24:05+0200,62721,7525846,ok,
003,cc373e47-1b4b-4e15-a7e7-7882510d4949,1736238245000,1736238545000,2025-01-07 10:24:05+0200,2025-01-07 10:29:05+0200,27558,7553404,ok,
003,cc373e47-1b4b-4e15-a7e7-7882510d4949,1736238545000,1736238845000,2025-01-07 10:29:05+0200,2025-01-07 10:34:05+0200,269676,7823080,ok,
003,cc373e47-1b4b-4e15-a7e7-7882510d4949,1736238845000,1736239145000,2025-01-07 10:34:05+0200,2025-01-07 10:39:05+0200,300427,8123507,ok,
003,cc373e47-1b4b-4e15-a7e7-7882510d4949,1736239145000,1736239445000,2025-01-07 10:39:05+0200,2025-01-07 10:44:05+0200,305520,8429027,ok,
003,cc373e47-1b4b-4e15-a7e7-7882510d4949,1736239445000,1736239745000,2025-01-07 10:44:05+0200,2025-01-07 10:49:05+0200,73530,8502557,ok,
003,cc373e47-1b4b-4e15-a7e7-7882510d4949,1736239745000,1736240045000,2025-01-07 10:49:05+0200,2025-01-07 10:54:05+0200,61104,8563661,ok,
003,cc373e47-1b4b-4e15-a7e7-7882510d4949,1736240045000,1736240345000,2025-01-07 10:54:05+0200,2025-01-07 10:59:05+0200,61104,8624765,ok,
003,cc373e47-1b4b-4e15-a7e7-7882510d4949,1736240345000,1736240645000,2025-01-07 10:59:05+0200,2025-01-07 11:04:05+0200,61104,8685869,ok,
003,cc373e47-1b4b-4e15-a7e7-7882510d4949,1736240645000,1736240945000,2025-01-07 11:04:05+0200,2025-01-07 11:09:05+0200,61104,8746973,ok,
003,cc373e47-1b4b-4e15-a7e7-7882510d4949,1736240945000,1736241245000,2025-01-07 11:09:05+0200,2025-01-07 11:14:05+0200,62529,8809502,ok,
003,cc373e47-1b4b-4e15-a7e7-7882510d4949,1736241245000,1736241545000,2025-01-07 11:14:05+0200,2025-01-07 11:19:05+0200,62358,8871860,ok,
003,cc373e47-1b4b-4e15-a7e7-7882510d4949,1736241545000,1736241845000,2025-01-07 11:19:05+0200,2025-01-07 11:24:05+0200,65100,8936960,ok,
003,cc373e47-1b4b-4e15-a7e7-7882510d4949,1736241845000,1736242145000,2025-01-07 11:24:05+0200,2025-01-07 11:29:05+0200,46580,8983540,ok,
003,cc373e47-1b4b-4e15-a7e7-7882510d4949,1736242145000,1736242445000,2025-01-07 11:29:05+0200,2025-01-07 11:34:05+0200,66895,9050435,ok,
003,cc373e47-1b4b-4e15-a7e7-7882510d4949,1736242445000,1736242745000,2025-01-07 11:34:05+0200,2025-01-07 11:39:05+0200,45465,9095900,ok,
003,cc373e47-1b4b-4e15-a7e7-7882510d4949,1736242745000,1736243045000,2025-01-07 11:39:05+0200,2025-01-07 11:44:05+0200,210660,9306560,ok,
003,cc373e47-1b4b-4e15-a7e7-7882510d4949,1736243045000,1736243345000,2025-01-07 11:44:05+0200,2025-01-07 11:49:05+0200,353826,9660386,ok,
003,cc373e47-1b4b-4e15-a7e7-7882510d4949,1736243345000,1736243645000,2025-01-07 11:49:05+0200,2025-01-07 11:54:05+0200,353738,10014124,ok,
003,cc373e47-1b4b-4e15-a7e7-7882510d4949,1736243645000,1736243945000,2025-01-07 11:54:05+0200,2025-01-07 11:59:05+0200,126224,10140348,ok,
003,cc373e47-1b4b-4e15-a7e7-7882510d4949,1736243945000,1736244245000,2025-01-07 11:59:05+0200,2025-01-07 12:04:05+0200,113298,10253646,ok,
003,cc373e47-1b4b-4e15-a7e7-7882510d4949,1736244245000,1736244545000,2025-01-07 12:04:05+0200,2025-01-07 12:09:05+0200,71668,10325314,ok,
